shipment_mass_release,shipment_status,shipment_pro,shipment_equipment_type_code,shipment_customer_ref_num,shipment_load_description,revenue_type_rev_type,customer name,carrier name,shipment_customer_total_rates,shipment_carrier_total_rates,shipment_gross_profit,shipment_net_margin,pick_stop_1_name,pickup,pick_stop_last_name,consignee,sales rep name,dispatcher assgn name,shipment_created_at,shipment_miles_truck,shipment_miles_customer,pick_stop_1_ready_or_deliver_date,pick_stop_1_location_zip,pick_stop_last_location_zip
false,RELEASED,12348,FTL,199962612,POD RCVD - FAK,B,BATORY FOODS,PYH EXPRESS INC,945.25,600.0,345.25,0.3652,DYNAMICS 3PL,"WILMINGTON, IL",BELL,"WINDSOR, WI",RYNE BANDOLIK,arciev1,2025-12-23 19:16:00 UTC,172,189,01/05/26,60481,53598
true,RELEASED,12367,FTL,199931809,POD RCVD - PALLETS,B,BATORY FOODS,PYH EXPRESS INC,782.05,500.0,282.05,0.3607,BATORY FOODS WILMINGTON,"WILMINGTON, IL",LEGACY BAKEHOUSE,"WAUKESHA, WI",RYNE BANDOLIK,arciev1,2025-12-29 20:40:00 UTC,134,149,01/05/26,60481,53186
false,RELEASED,12369,TL,199178881,POD RCVD - PALLET,I,BATORY FOODS,IVAN CARTAGE CO,620.12,0.0,620.12,1.0,BATORY'S OAKLEY CHICAGO,"CHICAGO, IL",DENALI-CALHOUN,"NEW BERLIN, WI",IVAN CARTAGE CO,arciev1,2025-12-30 15:23:00 UTC,93,102,01/06/26,60609,53151
false,RELEASED,12370,FTL,199785967,POD RCVD - PALLETS,I,BATORY FOODS,IVAN CARTAGE CO,644.6,0.0,644.6,1.0,BATORY'S OAKLEY CHICAGO,"CHICAGO, IL",THE MASTERSON CO,"MILWAUKEE, WI",IVAN CARTAGE CO,arciev1,2025-12-30 15:28:00 UTC,89,94,01/13/26,60609,53215
false,RELEASED,12371,FTL,199859898,POD RCVD - PALLETS,I,BATORY FOODS,IVAN CARTAGE CO,766.2,0.0,766.2,1.0,BATORY FOODS WILMINGTON,"WILMINGTON, IL",THE MASTERSON CO,"MILWAUKEE, WI",IVAN CARTAGE CO,arciev1,2025-12-30 15:42:00 UTC,126,132,01/12/26,60481,53215
false,RELEASED,12372,FTL,199930056,POD RCVD - PALLETS,B,BATORY FOODS,PYH EXPRESS INC,847.9,525.0,322.9,0.3808,BATORY FOODS WILMINGTON,"WILMINGTON, IL",JENEIL BIOTECH INC.,"SAUKVILLE, WI",RYNE BANDOLIK,arciev1,2025-12-30 15:50:00 UTC,156,159,01/06/26,60481,53080
false,RELEASED,12373,FTL,199930128,POD RCVD - PALLETS,I,BATORY FOODS,IVAN CARTAGE CO,644.6,0.0,644.6,1.0,BATORY'S OAKLEY CHICAGO,"CHICAGO, IL",THE MASTERSON CO,"MILWAUKEE, WI",IVAN CARTAGE CO,arciev1,2025-12-30 15:55:00 UTC,89,94,01/12/26,60609,53215
false,RELEASED,12374,FTL,199931316,POD RCVD - PALLETS,B,BATORY FOODS,"ROADREADY TRANSFER SERVICE, IN",1101.15,800.0,301.15,0.2735,BATORY FOODS WILMINGTON,"WILMINGTON, IL",MAPLE ISLAND,"MEDFORD, WI",RYNE BANDOLIK,arciev1,2025-12-30 16:00:00 UTC,336,364,01/05/26,60481,54451
false,RELEASED,12375,FTL,199754084,POD RCVD - PALLETS,I,BATORY FOODS,IVAN CARTAGE CO,644.6,0.0,644.6,1.0,BATORY'S OAKLEY CHICAGO,"CHICAGO, IL",THE MASTERSON CO,"MILWAUKEE, WI",IVAN CARTAGE CO,arciev1,2025-12-30 16:03:00 UTC,89,94,01/12/26,60609,53215
false,RELEASED,12376,TL,199821980,POD RCVD - PALLET,I,BATORY FOODS,IVAN CARTAGE CO,647.3,0.0,647.3,1.0,BATORY'S OAKLEY CHICAGO,"CHICAGO, IL",DENALI-CALHOUN,"NEW BERLIN, WI",IVAN CARTAGE CO,arciev1,2025-12-30 16:05:00 UTC,93,102,01/14/26,60609,53151
false,RELEASED,12377,FTL,43473594,POD RCVD - TOTES,B,"DANISCO US, INC.",JT FREIGHT INC,2750.0,2300.0,450.0,0.1636,IFF - GENECOR,"BELOIT, WI","CARDINAL COLWICH, LLC","COLWICH, KS",RYNE BANDOLIK,,2025-12-30 16:14:00 UTC,682,705,01/05/26,53511,67030
false,RELEASED,12378,FTL,199831850,POD RCVD - PALLETS,I,BATORY FOODS,IVAN CARTAGE CO,644.6,0.0,644.6,1.0,RYDER SYSTEMS,"CHICAGO, IL",THE MASTERSON CO,"MILWAUKEE, WI",IVAN CARTAGE CO,arciev1,2025-12-30 16:17:00 UTC,101,107,01/15/26,60628,53215
false,RELEASED,12379,FTL,199932993,POD RCVD - PALLETS,I,BATORY FOODS,IVAN CARTAGE CO,647.3,0.0,647.3,1.0,BATORY'S OAKLEY CHICAGO,"CHICAGO, IL",DENALI-RYERSON,"NEW BERLIN, WI",IVAN CARTAGE CO,,2025-12-30 16:19:00 UTC,93,102,01/15/26,60609,53151
false,RELEASED,12380,FTL,199785968,POD RCVD - PALLETS,I,BATORY FOODS,IVAN CARTAGE CO,644.6,0.0,644.6,1.0,BATORY'S OAKLEY CHICAGO,"CHICAGO, IL",THE MASTERSON CO,"MILWAUKEE, WI",IVAN CARTAGE CO,arciev1,2025-12-30 16:21:00 UTC,89,94,01/16/26,60609,53215
false,RELEASED,12381,FTL,199822234,POD RCVD - PALLETS,I,BATORY FOODS,IVAN CARTAGE CO,647.3,0.0,647.3,1.0,BATORY'S OAKLEY CHICAGO,"CHICAGO, IL",DENALI-RYERSON,"NEW BERLIN, WI",IVAN CARTAGE CO,,2025-12-30 16:23:00 UTC,93,102,01/19/26,60609,53151
false,RELEASED,12382,TL,199933036,POD RCVD - PALLET,I,BATORY FOODS,IVAN CARTAGE CO,647.3,0.0,647.3,1.0,BATORY'S OAKLEY CHICAGO,"CHICAGO, IL",DENALI-CALHOUN,"NEW BERLIN, WI",IVAN CARTAGE CO,arciev1,2025-12-30 16:25:00 UTC,93,102,01/19/26,60609,53151
true,RELEASED,12383,FTL,FR-108200,POD RCVD - FAK,B,THE ROYAL GROUP,PYH EXPRESS INC,795.0,625.0,170.0,0.2138,THE ROYAL GROUP,"CICERO, IL",PROCON-LITTLE CHUTE,"LITTLE CHUTE, WI",RYNE BANDOLIK,arciev1,2025-12-30 22:06:00 UTC,190,207,01/05/26,60804,54140
false,RELEASED,12384,FTL,FR-108219-1,POD RCVD - FAK,B,THE ROYAL GROUP,GMG EXPRESS INC,1195.0,1050.0,145.0,0.1213,TRG WAREHOUSE,"CICERO, IL",GRAPHIC PACKAGING NEWTON PLANT,"NEWTON, IA",RYNE BANDOLIK,arciev1,2025-12-31 01:26:00 UTC,291,297,01/06/26,60804,50208
false,RELEASED,12385,FTL,FR-108219-2,POD RCVD - FAK,B,THE ROYAL GROUP,BK DELIVERY EXPRESS INC,1195.0,1000.0,195.0,0.1632,TRG WAREHOUSE,"CICERO, IL",GRAPHIC PACKAGING NEWTON PLANT,"NEWTON, IA",RYNE BANDOLIK,arciev1,2025-12-31 01:26:00 UTC,291,297,01/06/26,60804,50208
false,RELEASED,12389,FTL,5377537 ,POD RCVD - FAK,I,LANDSTAR TRANSPORTATION,IVAN CARTAGE CO,150.0,0.0,150.0,1.0,Alliance Ground,"ELK GROVE VILLAGE, IL",BWAY CORPORATION,"CHICAGO, IL",RUBEN VARGAS,,2026-01-05 16:12:33 UTC,31,31,01/02/26,60007,60632
false,RELEASED,12391,FTL,200268090,POD RCVD - PALLETS,B,BATORY FOODS,ROHI TRUCKING LLC,1038.3,900.0,138.3,0.1332,ARDENT MILLS,"ALTON, IL",PHELPS INDUSTRIES,"JANESVILLE, WI",RYNE BANDOLIK,arciev1,2026-01-05 19:26:00 UTC,306,311,01/06/26,62002,53546
true,RELEASED,12392,R,4502591968,POD RCVD - TOTES,B,"DANISCO US, INC.",CRICKET ENTERPRISES LLC,850.0,800.0,50.0,0.0588,IFF - GENECOR,"BELOIT, WI",MRS -WORLEY WAREHOUSING,"CEDAR RAPIDS, IA",RYNE BANDOLIK,arciev1,2026-01-05 19:45:25 UTC,216,216,01/07/26,53511,52404
true,RELEASED,12393,R,4502592343,POD RCVD - TOTES,B,"DANISCO US, INC.",CRICKET ENTERPRISES LLC,850.0,800.0,50.0,0.0588,IFF - GENECOR,"BELOIT, WI",MRS - WORLEY WAREHOUSING,"CEDAR RAPIDS, IA",RYNE BANDOLIK,arciev1,2026-01-05 19:48:00 UTC,160,162,01/07/26,53511,52404
true,RELEASED,12396,FTL,FR-108221,FAK,B,THE ROYAL GROUP,RAG TRANSPORT INC,795.0,575.0,220.0,0.2767,THE ROYAL GROUP,"CICERO, IL",PROCON-LITTLE CHUTE,"LITTLE CHUTE, WI",RYNE BANDOLIK,arciev1,2026-01-05 22:30:00 UTC,190,207,01/06/26,60804,54140
false,RELEASED,12397,LTL, FR-406015,POD RCVD - FAK,B,THE ROYAL GROUP,MERRILL LOGISTICS LLC,625.0,425.0,200.0,0.32,THE ROYAL GROUP,"ADDISON, IL",DXL 3PL LLC BROWNSBURG,"BROWNSBURG, IN",RYNE BANDOLIK,arciev1,2026-01-06 14:22:00 UTC,192,192,01/07/26,60101,46112
true,RELEASED,12398,TL,13923,POD RCVD - PALLET,I,CARLYN DAIRY PRODUCTS,IVAN CARTAGE CO,721.87,0.0,721.87,1.0,CARLYN DAIRY PRODUCTS,"MUNDELEIN, IL",CEDAR CREST ICE CREAM,"MANITOWOC, WI",IVAN CARTAGE CO,arciev1,2026-01-06 16:46:06 UTC,137,137,01/05/26,60060,54220
true,RELEASED,12399,R,4502591969,POD RCVD - TOTES,B,"DANISCO US, INC.","MATT HENNINGS TRUCKING, INC.",850.0,800.0,50.0,0.0588,IFF - GENECOR,"BELOIT, WI",MRS - CEDAR RAPIDS,"CEDAR RAPIDS, IA",RYNE BANDOLIK,arciev1,2026-01-06 17:17:00 UTC,160,162,01/08/26,53511,52404
true,RELEASED,12400,LTL,FR-406038,POD RCVD - FAK,B,THE ROYAL GROUP,ECHO GLOBAL LOGISTICS,995.0,234.8,760.2,0.764,THE ROYAL GROUP,"ADDISON, IL","XYLEM INC, APPLIED WASTE SUITE 107","SOUTHAVEN, MS",RYNE BANDOLIK,arciev1,2026-01-06 20:17:27 UTC,553,553,01/07/26,60101,38671
true,RELEASED,12401,TL,7399,POD RCVD - DRUMS,B,BURKE CANDY,PYH EXPRESS INC,575.0,450.0,125.0,0.2174,MAUSER PACKAGING,"CHICAGO, IL",BURKE CANDY,"MILWAUKEE, WI",RYNE BANDOLIK,rominac1,2026-01-06 21:05:55 UTC,88,91,01/08/26,60651,53212
true,RELEASED,12402,FTL,FR-108250,POD RCVD - FAK,B,THE ROYAL GROUP,BK DELIVERY EXPRESS INC,1395.0,1000.0,395.0,0.2832,TRG WAREHOUSE,"CICERO, IL",GRAPHIC PACKAGING NEWTON PLANT,"NEWTON, IA",RYNE BANDOLIK,arciev1,2026-01-07 14:50:24 UTC,297,297,01/07/26,60804,50208
false,RELEASED,12405,STRA,FR-406041,POD RCVD - FAK,B,THE ROYAL GROUP,JOAQUIN SOLANO,1195.0,600.0,595.0,0.4979,THE ROYAL GROUP ADDISON,"ADDISON, IL",DXL 3PL LLC BROWNSBURG,"BROWNSBURG, IN",RYNE BANDOLIK,,2026-01-07 17:50:00 UTC,188,192,01/08/26,60101,46112
false,RELEASED,12406,FTL,FR-108288-1,POD RCVD - FAK,B,THE ROYAL GROUP,CRICKET ENTERPRISES LLC,1550.0,1240.0,310.0,0.2,TRG WAREHOUSE,"CICERO, IL",GRAPHIC PACKAGING NEWTON PLANT,"NEWTON, IA",RYNE BANDOLIK,arciev1,2026-01-07 18:00:00 UTC,291,297,01/08/26,60804,50208
true,RELEASED,12407,R,4502592840,POD RCVD - TOTES,B,"DANISCO US, INC.","MATT HENNINGS TRUCKING, INC.",850.0,800.0,50.0,0.0588,IFF - GENECOR,"BELOIT, WI",MRS - WORLEY WAREHOUSING,"CEDAR RAPIDS, IA",RYNE BANDOLIK,arciev1,2026-01-07 18:15:00 UTC,160,162,01/12/26,53511,52404
false,RELEASED,12416,FTL,FR-108288-2,POD RCVD - FAK,B,THE ROYAL GROUP,N T SOLUTIONS INC,1450.0,1300.0,150.0,0.1034,TRG WAREHOUSE,"CICERO, IL",GRAPHIC PACKAGING NEWTON PLANT,"NEWTON, IA",RYNE BANDOLIK,arciev1,2026-01-07 23:29:00 UTC,291,297,01/08/26,60804,50208
false,RELEASED,12417,CRGO,60112816934,POD RCVD - FAK,I,PRIORITY 1 INC,IVAN CARTAGE CO,150.0,0.0,150.0,1.0,WH,"NAPERVILLE, IL",,"CICERO, IL",RUBEN VARGAS,,2026-01-07 23:42:24 UTC,27,27,01/06/26,60540,60804
true,RELEASED,12418,FTL,4502593383,TOTES,B,"DANISCO US, INC.","HUGHES TRUCKING, INC.",850.0,800.0,50.0,0.0588,IFF - GENECOR,"BELOIT, WI",MRS - WORLEY WAREHOUSING,"CEDAR RAPIDS, IA",RYNE BANDOLIK,arciev1,2026-01-08 18:36:00 UTC,160,162,01/13/26,53511,52404
false,RELEASED,12420,V,FR-406061,POD RCVD - FAK,B,THE ROYAL GROUP,AVC GROUP INC,1250.0,800.0,450.0,0.36,THE ROYAL GROUP,"ADDISON, IL",CLASSIC MANUFACTURING,"BRAZIL, IN",RYNE BANDOLIK,arciev1,2026-01-08 20:07:00 UTC,198,251,01/08/26,60101,47834
false,RELEASED,12421,STRA,FR-406067,POD RCVD - FAK,B,THE ROYAL GROUP,GENESIS LOGISTICS LLC,995.0,450.0,545.0,0.5477,TRG WAREHOUSE,"ADDISON, IL",GPI NEWTON,"NEWTON, IA",RYNE BANDOLIK,,2026-01-08 22:07:00 UTC,282,291,01/08/26,60101,50208
false,RELEASED,12422,FTL,4020521-1,POD RCVD - FAK,I,ARMSTRONG TRANSPORT,IVAN CARTAGE CO,350.0,0.0,350.0,1.0,PAPER TIGER DOCUMENT SOLUTIONS,"GURNEE, IL",KONNECT RECEIVING,"HODGKINS, IL",IVAN CARTAGE CO,,2026-01-09 11:59:50 UTC,47,47,01/15/26,60031,60525
false,RELEASED,12425,FTL,0659925,POD RCVD - FAK,I,ESHIPPING LLC,IVAN CARTAGE CO,450.0,0.0,450.0,1.0,Rishi Tea,"MILWAUKEE, WI",205Bedford Park/Intelligentsia,"CHICAGO, IL",IVAN CARTAGE CO,,2026-01-09 12:32:43 UTC,107,107,01/07/26,53208,60638
false,RELEASED,12426,TL,,POD RCVD - PALLET,I,CARLYN DAIRY PRODUCTS,IVAN CARTAGE CO,234.93,0.0,234.93,1.0,CARLYN DAIRY PRODUCTS,"MUNDELEIN, IL",FURLANI FOODS,"OAK CREEK, WI",IVAN CARTAGE CO,arciev1,2026-01-09 12:51:02 UTC,50,50,01/07/26,60060,53154
false,RELEASED,12427,TL,200265218,POD RCVD - PALLET,I,BATORY FOODS,IVAN CARTAGE CO,872.28,0.0,872.28,1.0,BATORY'S OAKLEY CHICAGO,"CHICAGO, IL",HORSESHOE BEVERAGE,"NEENAH, WI",IVAN CARTAGE CO,arciev1,2026-01-09 12:54:08 UTC,194,194,01/08/26,60609,54956-4865
true,RELEASED,12428,V,C3773398,POD RCVD - FAK,B,MEREDITH OPERATIONS CORP,EMPIRE NATIONAL INC.,1712.5,1350.0,362.5,0.2117,QUAD GRAPHICS,"SUSEX, WI",BLOOMBERG BUSINESSWEEK,"NEW YORK, NY",RYNE BANDOLIK,arciev1,2026-01-09 12:57:00 UTC,899,916,01/16/26,53089,10022
true,RELEASED,12429,LTL,FR-406071,POD RCVD - FAK,B,THE ROYAL GROUP,ECHO GLOBAL LOGISTICS,1250.0,716.94,533.06,0.4264,THE ROYAL GROUP,"ADDISON, IL",IBC MANUFACTURING,"MEMPHIS, TN",RYNE BANDOLIK,arciev1,2026-01-09 14:16:47 UTC,553,553,01/09/26,60101,38109
false,RELEASED,12430,FTL,FR-108340,POD RCVD - FAK,B,THE ROYAL GROUP,CRICKET ENTERPRISES LLC,1500.0,1300.0,200.0,0.1333,TRG WAREHOUSE,"CICERO, IL",GRAPHIC PACKAGING NEWTON PLANT,"NEWTON, IA",RYNE BANDOLIK,arciev1,2026-01-09 15:14:00 UTC,291,297,01/12/26,60804,50208
false,RELEASED,12431,CRGO,FR-406088,POD RCVD - FAK,B,THE ROYAL GROUP,CNU LOGISTICS,2200.0,1300.0,900.0,0.4091,THE ROYAL GROUP,"ADDISON, IL",IBC MANUFACTURING,"LAKELAND, FL",RYNE BANDOLIK,arciev1,2026-01-09 19:41:00 UTC,1133,1178,01/09/26,60101,33810
false,RELEASED,12432,FTL,200456819,POD RCVD - PALLETS,B,BATORY FOODS,PYH EXPRESS INC,650.78,500.0,150.78,0.2317,BATORY'S OAKLEY CHICAGO,"CHICAGO, IL",PHELPS,"JANESVILLE, WI",RYNE BANDOLIK,arciev1,2026-01-09 20:32:08 UTC,113,113,01/09/26,60609,53546
false,RELEASED,12433,FTL,279898,POD RCVD - FAK,I,"HEARTLAND LOGISTICS GROUP, LLC",IVAN CARTAGE CO,400.0,0.0,400.0,1.0,Waukesha Lime & Ston,"WAUKESHA, WI",The Scotts Company a,"CHANNAHON, IL",IVAN CARTAGE CO,,2026-01-09 20:48:34 UTC,142,142,01/06/26,53188,60410
true,RELEASED,12434,FTL,FR-108340-2,POD RCVD - FAK,B,THE ROYAL GROUP,GMG EXPRESS INC,1500.0,1300.0,200.0,0.1333,TRG WAREHOUSE,"CICERO, IL",GRAPHIC PACKAGING NEWT,"NEWTON, IA",RYNE BANDOLIK,arciev1,2026-01-09 22:15:00 UTC,291,297,01/12/26,60804,50208
false,RELEASED,12437,FTL,200277970,POD RCVD - PALLETS,I,BATORY FOODS,IVAN CARTAGE CO,762.12,0.0,762.12,1.0,BATORY FOODS WILMINGTON,"WILMINGTON, IL",THE MASTERSON CO,"MILWAUKEE, WI",IVAN CARTAGE CO,arciev1,2026-01-10 21:35:11 UTC,135,135,01/06/26,60481,53215
false,RELEASED,12438,FTL,,POD RCVD - PALLETS,I,BULK SYSTEMS,IVAN CARTAGE CO,400.0,0.0,400.0,1.0,ROJAC,"UNION GROVE, WI",BULK SYSTEMS,"HAMPSHIRE, IL",IVAN CARTAGE CO,,2026-01-10 21:38:15 UTC,95,95,01/07/26,53182,60140
false,RELEASED,12439,TL,200523142,POD RCVD - SKIDS,I,BATORY FOODS,IVAN CARTAGE CO,496.84,0.0,496.84,1.0,BATORY'S OAKLEY CHICAGO,"CHICAGO, IL",OLDS PRODUCTS,"PLEASANT PRAIRIE, WI",IVAN CARTAGE CO,,2026-01-10 21:46:37 UTC,63,63,01/09/26,60609,53158
false,RELEASED,12440,FTL,1444,POD RCVD - FAK,I,EMI GROUP INC,IVAN CARTAGE CO,350.0,0.0,350.0,1.0,Elite Energy Distribution,"BROOKFIELD, WI",CREATIVE METALS GROUP,"CHICAGO, IL",IVAN CARTAGE CO,arciev1,2026-01-11 18:51:28 UTC,115,115,01/05/26,53005,60632
false,RELEASED,12441,FTL,1445,POD RCVD - FAK,I,EMI GROUP INC,IVAN CARTAGE CO,350.0,0.0,350.0,1.0,Elite Energy Distribution,"BROOKFIELD, WI",CREATIVE METALS GROUP,"CHICAGO, IL",IVAN CARTAGE CO,arciev1,2026-01-11 18:53:49 UTC,115,115,01/06/26,53005,60632
false,RELEASED,12442,FTL,E724834,POD RCVD - FAK,I,EVEREST TRANSPORTATION SYSTEMS,IVAN CARTAGE CO,400.0,0.0,400.0,1.0,Bish Creative Display,"LAKE ZURICH, IL",IMS / FASTPACK,"KENOSHA, WI",RUBEN VARGAS,,2026-01-12 13:05:46 UTC,46,46,01/07/26,60047-6714,53144
false,RELEASED,12443,FTL,35091630,POD RCVD - FAK,I,TOTAL QUALITY LOGISTICS,IVAN CARTAGE CO,500.0,0.0,500.0,1.0,PU,"OAK CREEK, WI","","BOLINGBROOK, IL",IVAN CARTAGE CO,arciev1,2026-01-12 13:14:54 UTC,97,97,01/05/26,53154,60440
false,RELEASED,12444,FTL,127114107,POD RCVD - FAK,I,WHEELHOUSE LOGISTICS,IVAN CARTAGE CO,575.0,0.0,575.0,1.0,SELLARS ABSORBENT MATERIALS INC,"MILWAUKEE, WI",WCD - Minooka,"MINOOKA, IL",IVAN CARTAGE CO,,2026-01-12 13:22:24 UTC,152,152,01/12/26,53223,60447
false,RELEASED,12445,FTL,370205,POD RCVD,I,ROEHL LOGISTICS,IVAN CARTAGE CO,490.0,0.0,490.0,1.0,WISCONSIN RDC,"FRANKSVILLE, WI",OSI INTL FOODS LTD,"CHICAGO, IL",IVAN CARTAGE CO,arciev1,2026-01-12 13:24:50 UTC,81,81,01/12/26,53126,60609-3384
false,RELEASED,12446,FTL,200271895,POD RCVD - FAK,I,BATORY FOODS,IVAN CARTAGE CO,995.12,0.0,995.12,1.0,"KENCO LOGISTIC SERVICES, LLC","SHOREWOOD, IL",HOLMEN CHEESE LLC,"HOLMEN, WI",IVAN CARTAGE CO,,2026-01-12 13:43:17 UTC,302,302,01/08/26,60404,54636
false,RELEASED,12447,LTL,FR-406094,POD RCVD - FAK,B,THE ROYAL GROUP,ECHO GLOBAL LOGISTICS,995.0,211.76,783.24,0.7872,TRG WAREHOUSE,"ADDISON, IL",GPI NEWTON,"NEWTON, IA",RYNE BANDOLIK,,2026-01-12 13:54:21 UTC,291,291,01/12/26,60101,50208
true,RELEASED,12448,V,U3089,POD RCVD - Dunnage Return - so scale tix,B,AG POLYMERS,KOLEV ENTERPRISE INC,445.0,400.0,45.0,0.1011,CU PLASTICS,"ROCHELLE, IL",Logo Van Dyke,"PLAINFIELD, IL",PERLA LOPEZ,,2026-01-12 15:17:47 UTC,62,62,01/13/26,61068,60544
true,RELEASED,12449,STRA,FR-108353,FAK,B,THE ROYAL GROUP,PRECISE TRUCKING LLC,795.0,500.0,295.0,0.3711,TRG WAREHOUSE,"CICERO, IL",OLD WISCONSIN,"SHEBOYGAN, WI",RYNE BANDOLIK,arciev1,2026-01-12 16:27:00 UTC,144,153,01/12/26,60804,53083
true,RELEASED,12450,V,R46291,scale tickets required,B,AG POLYMERS,KOLEV ENTERPRISE INC,485.0,400.0,85.0,0.1753,Logo Van Dyke,"PLAINFIELD, IL",CU PLASTICS,"ROCHELLE, IL",PERLA LOPEZ,,2026-01-12 17:02:19 UTC,62,62,01/14/26,60544,61068
true,RELEASED,12451,V,R45265,no scale tx needed,B,AG POLYMERS,JHR TRANSPORTATION INC,545.0,500.0,45.0,0.0826,Logo Van Dyke,"PLAINFIELD, IL",CU PLASTICS,"ROCHELLE, IL",PERLA LOPEZ,,2026-01-12 17:02:47 UTC,62,62,01/14/26,60544,61068
false,RELEASED,12452,FTL,FR-406093,POD RCVD - FAK,B,THE ROYAL GROUP,MS TRANS INC,950.0,800.0,150.0,0.1579,TRG WAREHOUSE,"ADDISON, IL",FMC CORP-WYOMING PLANT,"WYOMING, IL",RYNE BANDOLIK,,2026-01-12 18:16:36 UTC,152,152,01/12/26,60101,61491
true,RELEASED,12453,FTL,4502594344,POD RCVD - TOTES,B,"DANISCO US, INC.",CRICKET ENTERPRISES LLC,850.0,800.0,50.0,0.0588,IFF - GENECOR,"BELOIT, WI",MRS - WORLEY WAREHOUSING,"CEDAR RAPIDS, IA",RYNE BANDOLIK,arciev1,2026-01-12 18:36:00 UTC,160,162,01/14/26,53511,52404
true,RELEASED,12454,FTL,4502594346,POD RCVD - TOTES,B,"DANISCO US, INC.",ELGON LOGISTICS LLC,850.0,800.0,50.0,0.0588,IFF - GENECOR,"BELOIT, WI",MRS - WORLEY WAREHOUSING,"CEDAR RAPIDS, IA",RYNE BANDOLIK,arciev1,2026-01-12 18:36:00 UTC,160,162,01/14/26,53511,52404
true,RELEASED,12455,V,S29918,"scales attached, do not pay carrier",B,AG POLYMERS,KMS TRANS INC,1440.0,1300.0,140.0,0.0972,CONRI,"WIND GAP, PA",CLOVER ,"WEST CHICAGO, IL",PERLA LOPEZ,,2026-01-12 19:08:45 UTC,765,765,01/16/26,18091,60185
false,RELEASED,12456,FTL,FR-406109,POD RCVD - UNITS,B,THE ROYAL GROUP,VENUS TRUCKING INC,1250.0,850.0,400.0,0.32,TRG WAREHOUSE,"ADDISON, IL",DXL 3PL LLC BROWNSBURG,"BROWNSBURG, IN",RYNE BANDOLIK,,2026-01-12 20:23:00 UTC,188,192,01/12/26,60101,46112
false,RELEASED,12457,FTL,200268118,POD RCVD - PALLETS,I,BATORY FOODS,IVAN CARTAGE CO,641.96,0.0,641.96,1.0,BATORY'S OAKLEY CHICAGO,"CHICAGO, IL",THE MASTERSON CO,"MILWAUKEE, WI",IVAN CARTAGE CO,arciev1,2026-01-13 12:54:37 UTC,95,95,01/09/26,60609,53215
false,RELEASED,12458,FTL,1557560,POD RCVD - BREATHABLE BODY PADS,I,MERIT FREIGHT SYSTEMS,IVAN CARTAGE CO,700.0,0.0,700.0,1.0,R SABEE,"APPLETON, WI",AJR ENTERPRISES,"SAINT CHARLES, IL",IVAN CARTAGE CO,,2026-01-13 16:00:05 UTC,212,212,01/05/26,54914,60174-3427
false,RELEASED,12459,FTL,3441068,POD RCVD - FAK,I,NFI LOGISTICS LLC,IVAN CARTAGE CO,400.0,0.0,400.0,1.0,KNIGHT CHEMICALS LLC,"MILWAUKEE, WI",GLOBAL INDUSTRIAL DISTRIBUTION INC,"PLEASANT PRAIRIE, WI",IVAN CARTAGE CO,arciev1,2026-01-13 16:03:40 UTC,55,55,01/07/26,53223-3831,53158
false,RELEASED,12460,FTL,2054301,POD RCVD - FAK,I,WATCO SUPPLY CHAIN SERVICES,IVAN CARTAGE CO,450.0,0.0,450.0,1.0,Bluff Country Brine,"COON VALLEY, WI",ICI Foods,"VERONA, WI",IVAN CARTAGE CO,,2026-01-13 16:06:40 UTC,122,122,01/09/26,54623-9368,53593
false,RELEASED,12461,FTL,60112882740,POD RCVD - FAK,I,PRIORITY 1 INC,IVAN CARTAGE CO,150.0,0.0,150.0,1.0,Global Boxmachine LLC ,"GURNEE, IL",THE ROYAL GROUP - ADDISON,"ADDISON, IL",RUBEN VARGAS,arciev1,2026-01-13 16:10:42 UTC,42,42,01/12/26,60031,60101-4413
false,RELEASED,12462,FTL,E724824,POD RCVD - FAK,I,EVEREST TRANSPORTATION SYSTEMS,IVAN CARTAGE CO,300.0,0.0,300.0,1.0,Bish Creative/POP Manufacturing,"KENOSHA, WI",IMS / FASTPACK,"KENOSHA, WI",IVAN CARTAGE CO,,2026-01-13 16:13:41 UTC,2,2,01/09/26,53143-6954,53144
false,RELEASED,12463,FTL,127051563,POD RCVD - FAK,I,RGL SPECIALTY SERVICES LLC,IVAN CARTAGE CO,580.0,0.0,580.0,1.0,"CROWN CORK & SEAL USA, INC","OSHKOSH, WI",AA PALLET,"CHICAGO, IL",IVAN CARTAGE CO,,2026-01-13 16:17:28 UTC,183,183,01/08/26,54901,60609
false,RELEASED,12464,V,FR-406116,POD RCVD - UNITS,B,THE ROYAL GROUP,TEX-LA LOGISTICS INC,1250.0,2300.0,-1050.0,-0.84,YARD,"LYONS, IL",VOYANT BEAUTY,"ELKHART, IN",RYNE BANDOLIK,,2026-01-13 16:33:00 UTC,113,117,01/14/26,60534,46514
true,RELEASED,12465,FTL,4502594996,POD RCVD - TOTES,B,"DANISCO US, INC.",CRICKET ENTERPRISES LLC,850.0,800.0,50.0,0.0588,IFF - GENECOR,"BELOIT, WI",MRS - WORLEY WAREHOUSING,"CEDAR RAPIDS, IA",RYNE BANDOLIK,arciev1,2026-01-13 19:17:00 UTC,160,162,01/15/26,53511,52404
false,RELEASED,12467,CRGO,FR-406130,POD RCVD - FAK,B,THE ROYAL GROUP,DDC LOGISTICS LLC,2200.0,1300.0,900.0,0.4091,THE ROYAL GROUP,"ADDISON, IL",LOC 009/TRG LAKELAND,"LAKELAND, FL",RYNE BANDOLIK,,2026-01-13 20:03:00 UTC,1133,1178,01/13/26,60101,33810
false,RELEASED,12468,FTL,200363104,POD RCVD - PALLETS,B,BATORY FOODS,PYH EXPRESS INC,840.36,550.0,290.36,0.3455,BATORY'S OAKLEY CHICAGO,"CHICAGO, IL",BELL LABORATORIES,"WINDSOR, WI",RYNE BANDOLIK,arciev1,2026-01-13 20:04:00 UTC,153,159,01/15/26,60609,53598
false,RELEASED,12469,LTL,FR-406131,POD RCVD - FAK,B,THE ROYAL GROUP,TEX-LA LOGISTICS INC,1250.0,600.0,650.0,0.52,THE ROYAL GROUP,"ADDISON, IL",DXL 3PL LLC BROWNSBURG,"BROWNSBURG, IN",RYNE BANDOLIK,arciev1,2026-01-13 20:54:00 UTC,188,192,01/14/26,60101,46112
false,RELEASED,12470,STRA,,POD RCVD - PALLET,B,CARLYN DAIRY PRODUCTS,M&G TRANS GROUP INCORPORATED,234.93,200.0,34.93,0.1487,CARLYN DAIRY PRODUCTS,"MUNDELEIN, IL",FURLANI FOODS,"OAK CREEK, WI",RYNE BANDOLIK,arciev1,2026-01-13 22:11:33 UTC,50,50,01/14/26,60060,53154
false,RELEASED,12471,FTL,200257029,POD RCVD - FAK,I,BATORY FOODS,IVAN CARTAGE CO,921.6,0.0,921.6,1.0,BATORY FOODS WILMINGTON,"WILMINGTON, IL","RURAL ROUTE 1, INC","LIVINGSTON, WI",IVAN CARTAGE CO,,2026-01-14 12:07:51 UTC,243,243,01/12/26,60481,53554
true,RELEASED,12472,V,R46322,palletized adhesives,B,AG POLYMERS,OTTATI TRANSPORT INC,845.0,645.0,200.0,0.2367,Ring Rockford,"ROCKFORD, IL",BUSKE,"STURTEVANT, WI",PERLA LOPEZ,,2026-01-14 14:31:46 UTC,93,93,01/14/26,61109,53177
false,RELEASED,12473,FTL,FR-108414,POD RCVD - UNITS,B,THE ROYAL GROUP,"CADENCE PREMIER CARGO, INC.",1900.0,1750.0,150.0,0.0789,TRG WAREHOUSE,"CICERO, IL","HELENA INDUSTRIES, LLC","WEST HELENA, AR",RYNE BANDOLIK,,2026-01-14 17:29:00 UTC,583,608,01/14/26,60804,72390
true,RELEASED,12474,V,R46280,scales attached,B,AG POLYMERS,KOLEV ENTERPRISE INC,695.0,500.0,195.0,0.2806,Ring Rockford (2nd location),"ROCKFORD, IL",CU PLASTIC,"ROCHELLE, IL",PERLA LOPEZ,,2026-01-14 18:26:23 UTC,26,26,01/15/26,61109,61068
true,RELEASED,12475,FTL,FR-108418,POD RCVD - FAK,B,THE ROYAL GROUP,BLUE STAR EXPRESS INC,1800.0,1450.0,350.0,0.1944,TRG WAREHOUSE,"CICERO, IL",GPI NEWTON,"NEWTON, IA",RYNE BANDOLIK,arciev1,2026-01-14 18:40:00 UTC,299,308,01/14/26,60804,50208
true,RELEASED,12476,V,P019547-2.P019547-3,POD RCVD - PALLETS,I,DENALI INGREDIENTS,IVAN CARTAGE CO,647.3,0.0,647.3,1.0,DENALI-CALHOUN,"NEW BERLIN, WI",BATORY'S OAKLEY CHICAGO,"CHICAGO, IL",IVAN CARTAGE CO,arciev1,2026-01-14 19:14:29 UTC,102,102,01/14/26,53151,60609
false,RELEASED,12477,FTL,,POD RCVD - FAK,B,THE ROYAL GROUP,ARCHER EXPRESS,1250.0,650.0,600.0,0.48,THE ROYAL GROUP,"ADDISON, IL",VOYANT BEAUTY,"ELKHART, IN",RYNE BANDOLIK,,2026-01-14 19:52:00 UTC,127,128,01/15/26,60101,46514
false,RELEASED,12478,FTL,,POD RCVD - FAK,I,CARLYN DAIRY PRODUCTS,IVAN CARTAGE CO,391.4,0.0,391.4,1.0,CARLYN DAIRY PRODUCTS,"MUNDELEIN, IL",CAPUTO,"MELROSE PARK, IL",IVAN CARTAGE CO,,2026-01-15 12:11:27 UTC,34,34,01/14/26,60060,60160-1402
false,RELEASED,12479,FTL,PO2079,POD RCVD - FAK,B,THE ROYAL GROUP,DFS LOGISTICS LLC,2600.0,2050.0,550.0,0.2115,THE ROYAL GROUP,"BROADVIEW, IL",LOVING PETS,"CRANBURY, NJ",RYNE BANDOLIK,,2026-01-15 19:54:00 UTC,786,811,01/15/26,60155,08512
false,RELEASED,12481,FTL,200402399,POD RCVD - PALLETS,I,BATORY FOODS,IVAN CARTAGE CO,764.64,0.0,764.64,1.0,BATORY FOODS WILMINGTON,"WILMINGTON, IL",DENALI-CALHOUN,"NEW BERLIN, WI",IVAN CARTAGE CO,,2026-01-16 12:39:54 UTC,141,141,01/14/26,60481,53151
false,RELEASED,12482,FTL,200497377,POD RCVD - PALLETS,I,BATORY FOODS,IVAN CARTAGE CO,641.96,0.0,641.96,1.0,BATORY'S OAKLEY CHICAGO,"CHICAGO, IL",THE MASTERSON CO,"MILWAUKEE, WI",IVAN CARTAGE CO,arciev1,2026-01-16 12:42:38 UTC,95,95,01/15/26,60609,53215
false,RELEASED,12483,FTL,200499411,POD RCVD - PALLETS,I,BATORY FOODS,IVAN CARTAGE CO,644.48,0.0,644.48,1.0,BATORY'S OAKLEY CHICAGO,"CHICAGO, IL",DENALI-RYERSON,"NEW BERLIN, WI",IVAN CARTAGE CO,,2026-01-16 12:46:50 UTC,101,101,01/14/26,60609,53151
false,RELEASED,12484,FTL,43479801,POD RCVD - TOTES,B,"DANISCO US, INC.",G2 LOGISTICS INC,1825.0,1450.0,375.0,0.2055,IFF - GENECOR,"BELOIT, WI",ADM Ethanol Plant,"MARSHALL, MN",RYNE BANDOLIK,,2026-01-16 14:55:37 UTC,440,440,01/19/26,53511,56258
true,RELEASED,12485,V,STORAGE JAN 26,STORAGE,B,OLDS PRODUCTS,BCAT,2400.0,0.0,2400.0,1.0,OLDS PRODUCTS,"PLEASANT PRAIRIE, WI",OLDS PRODUCTS,"PLEASANT PRAIRIE, WI",RYNE BANDOLIK,,2026-01-16 16:26:05 UTC,0,0,01/31/26,53158,53158
false,RELEASED,12486,FTL,7468,POD RCVD - FAK,I,BARAKAT TRANSPORT,IVAN CARTAGE CO,650.0,0.0,650.0,1.0,Rural Route 1 Popcorn,"LIVINGSTON, WI",Woods distribution solutions Chicago,"WEST CHICAGO, IL",IVAN CARTAGE CO,,2026-01-16 17:43:51 UTC,187,187,01/13/26,53554,60185
false,RELEASED,12487,FTL,60012483024,POD RCVD - FAK,I,"OLD DOMINION FREIGHT LINE, INC",IVAN CARTAGE CO,437.5,0.0,437.5,1.0,WHOLE CHEM LLC,"STURTEVANT, WI",PROCTER AND GAMBLE GILLETTE,"NORTH CHICAGO, IL",IVAN CARTAGE CO,,2026-01-16 17:53:45 UTC,38,38,01/15/26,53177-2321,60064
false,RELEASED,12488,TL,11229481,POD RCVD - FAK,I,CENTRAN LOGISTICS INC,IVAN CARTAGE CO,375.0,0.0,375.0,1.0,IEWC,"NEW BERLIN, WI",Sonica International - Ocean,"ITASCA, IL",IVAN CARTAGE CO,arciev1,2026-01-16 17:57:24 UTC,91,91,01/12/26,53151,60143-1135
false,RELEASED,12489,FTL,0254049,POD RCVD - FAK,I,BRIDGE LOGISTICS,IVAN CARTAGE CO,400.0,0.0,400.0,1.0,MAJIC PLASTICS,"MILWAUKEE, WI",ANTEK MADISON PLASTICS USA,"CHICAGO, IL",IVAN CARTAGE CO,arciev1,2026-01-16 18:01:35 UTC,110,110,01/13/26,53218-1744,60619-6952
true,RELEASED,12490,V,R46342,FAK,B,AG POLYMERS,KOLEV ENTERPRISE INC,445.0,400.0,45.0,0.1011,Logo Van Dyke,"PLAINFIELD, IL",CU PLASTICS,"ROCHELLE, IL",PERLA LOPEZ,,2026-01-17 01:47:56 UTC,0,0,01/16/26,60544,61068
true,RELEASED,12491,V,Transaction ID - S30048,Dunnage Return - so scale tix,B,AG POLYMERS,KOLEV ENTERPRISE INC,445.0,400.0,45.0,0.1011,CU PLASTICS,"ROCHELLE, IL",Logo Van Dyke,"PLAINFIELD, IL",PERLA LOPEZ,,2026-01-17 02:19:39 UTC,0,0,01/17/26,61068,60544
false,RELEASED,12492,FTL,,POD RCVD - PALLETS,I,BULK SYSTEMS,IVAN CARTAGE CO,400.0,150.0,250.0,0.625,SCHUTZ,"KENOSHA, WI",BULK SYSTEMS,"ROUND LAKE, IL",IVAN CARTAGE CO,,2026-01-17 15:06:20 UTC,0,0,01/09/26,53142,60073
false,RELEASED,12494,FTL,109884,POD RCVD - FAK,I,WISEWAY GROUP INC,IVAN CARTAGE CO,450.0,0.0,450.0,1.0,VORTEQ COIL FINISHERS,"OCONOMOWOC, WI",Hodgkins Warehousing Center,"HODGKINS, IL",IVAN CARTAGE CO,,2026-01-19 12:01:30 UTC,134,134,01/19/26,53066-3954,60525-7639
false,RELEASED,12496,V,2811869,POD RCVD - FAK,I,BECKER LOGISTICS INC,IVAN CARTAGE CO,300.0,0.0,300.0,1.0,BISH CREATIVE DISPLAY,"ANTIOCH, IL",IMS KENOSHA,"KENOSHA, WI",IVAN CARTAGE CO,arciev1,2026-01-19 12:08:06 UTC,23,23,01/21/26,60002,53144-7807
false,RELEASED,12497,FTL,200594036,POD RCVD - PALLETS,I,BATORY FOODS,IVAN CARTAGE CO,650.78,0.0,650.78,1.0,BATORY'S OAKLEY CHICAGO,"CHICAGO, IL","PHELPS INDUSTRIES, LLC","JANESVILLE, WI",IVAN CARTAGE CO,,2026-01-19 12:11:09 UTC,114,114,01/15/26,60609,53546
false,RELEASED,12498,FTL,4501810215,POD RCVD - FAK,I,CARLYN DAIRY PRODUCTS,IVAN CARTAGE CO,439.56,0.0,439.56,1.0,CARLYN DAIRY PRODUCTS,"MUNDELEIN, IL",PURATOS,"KENOSHA, WI",IVAN CARTAGE CO,arciev1,2026-01-19 12:15:28 UTC,40,40,01/15/26,60060,53144-1762
true,RELEASED,12499,FTL,200425695,POD RCVD - PALL,B,BATORY FOODS,ROLAND LOGISTICS INC,641.96,450.0,191.96,0.299,BATORY'S OAKLEY CHICAGO,"CHICAGO, IL",THE MASTERSON CO,"MILWAUKEE, WI",RYNE BANDOLIK,arciev1,2026-01-19 16:36:00 UTC,89,94,01/20/26,60609,53215
false,RELEASED,12500,FTL,200731850,POD RCVD - PALLETS,I,BATORY FOODS,IVAN CARTAGE CO,647.0,0.0,647.0,1.0,BATORY FOODS WILMINGTON,"WILMINGTON, IL","CROWN BAKERIES, PLEASANT PRAIR","PLEASANT PRAIRIE, WI",IVAN CARTAGE CO,arciev1,2026-01-19 16:39:47 UTC,0,0,01/19/26,60481,53158
false,RELEASED,12501,TL,200501688,POD RCVD - PALL,I,BATORY FOODS,IVAN CARTAGE CO,644.48,0.0,644.48,1.0,BATORY'S OAKLEY CHICAGO,"CHICAGO, IL",DENALI-CALHOUN,"NEW BERLIN, WI",IVAN CARTAGE CO,arciev1,2026-01-19 16:42:00 UTC,93,102,01/22/26,60609,53151
false,RELEASED,12502,FTL,200554380,POD RCVD - PALL,I,BATORY FOODS,IVAN CARTAGE CO,868.5,0.0,868.5,1.0,BATORY FOODS WILMINGTON,"WILMINGTON, IL",BELL LABORATORIES,"WINDSOR, WI",IVAN CARTAGE CO,arciev1,2026-01-19 16:44:00 UTC,172,189,01/22/26,60481,53598
false,RELEASED,12503,FTL,200745102,POD RCVD - PALL,I,BATORY FOODS,IVAN CARTAGE CO,641.96,0.0,641.96,1.0,BATORY'S OAKLEY CHICAGO,"CHICAGO, IL",THE MASTERSON CO,"MILWAUKEE, WI",IVAN CARTAGE CO,arciev1,2026-01-19 16:47:00 UTC,89,94,01/26/26,60609,53215
false,RELEASED,12504,FTL,200770125,POD RCVD - PALLETS,B,BATORY FOODS,CONTRACT TRANSPORT SERVICES,954.58,675.0,279.58,0.2929,BATORY FOODS WILMINGTON,"WILMINGTON, IL",TRILLIANT FOOD & NUTR,"LITTLE CHUTE, WI",RYNE BANDOLIK,arciev1,2026-01-19 16:49:08 UTC,247,247,01/22/26,60481,54140
false,RELEASED,12505,FTL,200827589,POD RCVD - PALL,I,BATORY FOODS,IVAN CARTAGE CO,765.06,0.0,765.06,1.0,BATORY'S OAKLEY CHICAGO,"CHICAGO, IL",SUBCO FOODS INC,"SHEBOYGAN, WI",IVAN CARTAGE CO,arciev1,2026-01-19 16:51:00 UTC,150,155,01/26/26,60609,53081
true,RELEASED,12506,FTL,FR-108480,POD RCVD - FAK,B,THE ROYAL GROUP,LAMA TRUCKING INC,1500.0,1250.0,250.0,0.1667,TRG WAREHOUSE,"CICERO, IL",GPI NEWTON,"NEWTON, IA",RYNE BANDOLIK,arciev1,2026-01-19 20:54:26 UTC,297,297,01/20/26,60804,50208
false,RELEASED,12507,LTL,Calendar Frame,POD RCVD - FAK,I,C.W.I. DISPLAYS CORP,IVAN CARTAGE CO,300.0,0.0,300.0,1.0,INNOVATIVE DRAGON (WAUKESHA),"WAUKESHA, WI",CWI,"BEDFORD PARK, IL",IVAN CARTAGE CO,,2026-01-19 23:19:30 UTC,,,01/19/26,53189,
true,RELEASED,12508,V,"P019547-2,3 RETURN",NO PPWK REQ - PALLETS,I,DENALI INGREDIENTS,IVAN CARTAGE CO,647.3,0.0,647.3,1.0,BATORY'S OAKLEY CHICAGO,"CHICAGO, IL",DENALI-CALHOUN,"NEW BERLIN, WI",IVAN CARTAGE CO,arciev1,2026-01-19 23:20:41 UTC,101,101,01/20/26,60609,53151
false,RELEASED,12509,FTL,200325779,POD RCVD - PALLETS,B,BATORY FOODS,IVAN CARTAGE CO,616.36,0.0,616.36,1.0,BATORY'S OAKLEY CHICAGO,"CHICAGO, IL",THE MASTERSON CO,"MILWAUKEE, WI",IVAN CARTAGE CO,arciev1,2026-01-20 14:02:02 UTC,95,95,01/20/26,60609,53215
false,RELEASED,12510,FTL,200964139,POD RCVD - FAK,B,BATORY FOODS,QUATRON LOGISTICS INC,1033.0,1000.0,33.0,0.0319,BATORY FOODS WILMINGTON,"WILMINGTON, IL",HOLMEN CHEESE LLC,"HOLMEN, WI",RYNE BANDOLIK,,2026-01-20 14:19:00 UTC,303,319,01/20/26,60481,54636
true,RELEASED,12512,FTL,,TOTES,I,BULK SYSTEMS,IVAN CARTAGE CO,575.0,0.0,575.0,1.0,IFF - GENECOR,"BELOIT, WI",ROJAC,"UNION GROVE, WI",IVAN CARTAGE CO,arciev1,2026-01-20 15:35:34 UTC,54,54,01/22/26,53511,53182
false,RELEASED,12514,FTL,5497832,POD RCVD - FAK,I,WORLDWIDE LOGISTICS,IVAN CARTAGE CO,630.0,0.0,630.0,1.0,ALTER METAL RECYCLING - MADISON,"MADISON, WI",JUPITER ALUMINUM,"HAMMOND, IN",IVAN CARTAGE CO,,2026-01-21 12:32:30 UTC,174,174,01/21/26,53714-1334,46320
false,RELEASED,12515,TL,200887737,POD RCVD - PALL,I,BATORY FOODS,IVAN CARTAGE CO,644.48,0.0,644.48,1.0,BATORY'S OAKLEY CHICAGO,"CHICAGO, IL",DENALI-CALHOUN,"NEW BERLIN, WI",IVAN CARTAGE CO,arciev1,2026-01-21 12:43:00 UTC,93,102,01/26/26,60609,53151
false,RELEASED,12516,FTL,200648540,POD RCVD - FAK,I,BATORY FOODS,IVAN CARTAGE CO,644.48,0.0,644.48,1.0,BATORY'S OAKLEY CHICAGO,"CHICAGO, IL",DENALI-LIDNER,"WAUKESHA, WI",IVAN CARTAGE CO,arciev1,2026-01-21 12:46:00 UTC,104,110,01/27/26,60609,53186
false,RELEASED,12517,TL,200772857,POD RCVD - PALL,I,BATORY FOODS,IVAN CARTAGE CO,838.84,0.0,838.84,1.0,BATORY'S OAKLEY CHICAGO,"CHICAGO, IL",BELL LABORATORIES,"WINDSOR, WI",IVAN CARTAGE CO,arciev1,2026-01-21 12:49:00 UTC,153,159,01/27/26,60609,53598
false,RELEASED,12518,FTL,200456465,POD RCVD - PALL,I,BATORY FOODS,IVAN CARTAGE CO,650.78,0.0,650.78,1.0,BATORY'S OAKLEY CHICAGO,"CHICAGO, IL","PHELPS INDUSTRIES, LLC","JANESVILLE, WI",IVAN CARTAGE CO,,2026-01-21 12:53:00 UTC,110,113,01/26/26,60609,53546
false,RELEASED,12519,TL,200501686,POD RCVD - PALLET,I,BATORY FOODS,IVAN CARTAGE CO,644.48,0.0,644.48,1.0,BATORY'S OAKLEY CHICAGO,"CHICAGO, IL",DENALI-CALHOUN,"NEW BERLIN, WI",IVAN CARTAGE CO,arciev1,2026-01-21 12:56:53 UTC,101,101,01/27/26,60609,53151
false,RELEASED,12520,FTL,200745280,POD RCVD - PALL,I,BATORY FOODS,IVAN CARTAGE CO,645.48,0.0,645.48,1.0,BATORY'S OAKLEY CHICAGO,"CHICAGO, IL",THE MASTERSON CO,"MILWAUKEE, WI",IVAN CARTAGE CO,arciev1,2026-01-21 12:59:00 UTC,89,94,02/13/26,60609,53215
false,RELEASED,12521,FTL,200753882,POD RCVD - PALLETS,I,BATORY FOODS,IVAN CARTAGE CO,762.12,0.0,762.12,1.0,BATORY FOODS WILMINGTON,"WILMINGTON, IL",THE MASTERSON CO,"MILWAUKEE, WI",IVAN CARTAGE CO,arciev1,2026-01-21 13:01:00 UTC,126,132,01/30/26,60481,53215
false,RELEASED,12522,FTL,201013664,POD RCVD - PALLETS,I,BATORY FOODS,IVAN CARTAGE CO,877.74,0.0,877.74,1.0,BATORY FOODS WILMINGTON,"WILMINGTON, IL",SENSIENT FLAVORS,"JUNEAU, WI",IVAN CARTAGE CO,arciev1,2026-01-21 13:05:00 UTC,173,202,01/28/26,60481,53039
false,RELEASED,12523,TL,200825378,POD RCVD - SKIDS,I,BATORY FOODS,IVAN CARTAGE CO,496.84,0.0,496.84,1.0,BATORY'S OAKLEY CHICAGO,"CHICAGO, IL",OLDS PRODUCTS,"PLEASANT PRAIRIE, WI",IVAN CARTAGE CO,,2026-01-21 13:09:00 UTC,63,63,01/29/26,60609,53158
false,RELEASED,12524,TL,200825379,POD RCVD - SKID,I,BATORY FOODS,IVAN CARTAGE CO,496.84,0.0,496.84,1.0,BATORY'S OAKLEY CHICAGO,"CHICAGO, IL",OLDS PRODUCTS,"PLEASANT PRAIRIE, WI",IVAN CARTAGE CO,,2026-01-21 13:12:00 UTC,63,63,02/04/26,60609,53158
true,RELEASED,12525,LTL,FR-406193,POD RCVD - FAK,B,THE ROYAL GROUP,ECHO GLOBAL LOGISTICS,675.0,401.58,273.42,0.4051,THE ROYAL GROUP,"ADDISON, IL",USA MERRILLVILLE,"CROWN POINT, IN",RYNE BANDOLIK,arciev1,2026-01-21 14:11:59 UTC,65,65,01/21/26,60101,46307
false,RELEASED,12526,FTL,2057914,POD RCVD - FAK,I,WATCO SUPPLY CHAIN SERVICES,IVAN CARTAGE CO,450.0,0.0,450.0,1.0,ICI Foods,"VERONA, WI",Midwest Refrigerated,"PLEASANT PRAIRIE, WI",IVAN CARTAGE CO,,2026-01-21 14:20:34 UTC,128,128,01/16/26,53593,53158
true,RELEASED,12527,FTL,FR-108480,POD RCVD - FAK,B,THE ROYAL GROUP,"LANDSTAR RANGER, INC.",1500.0,1100.0,400.0,0.2667,TRG WAREHOUSE,"CICERO, IL",GPI NEWTON,"NEWTON, IA",RYNE BANDOLIK,arciev1,2026-01-21 14:53:00 UTC,291,297,01/21/26,60804,50208
true,RELEASED,12528,STRA,LID7DF8ES,POD RCVD - FAK,B,ETS-LINDGREN INC C/O SHIPWELL,ROADMAX LLC,2900.0,1500.0,1400.0,0.4828,AXIOM MATERIALS INC,"CARLSBAD, CA",ETS-LINDGREN (DURANT),"DURANT, OK",RYNE BANDOLIK,arciev1,2026-01-21 19:00:00 UTC,1399,1477,01/21/26,92008,74701
false,RELEASED,12530,STRA,,POD RCVD - PALLET,B,CARLYN DAIRY PRODUCTS,GOLDEN EXPRESS TRANSPORTATION,234.93,200.0,34.93,0.1487,CARLYN DAIRY PRODUCTS,"MUNDELEIN, IL",FURLANI FOODS,"OAK CREEK, WI",RYNE BANDOLIK,arciev1,2026-01-21 20:46:18 UTC,50,50,01/22/26,60060,53154
true,RELEASED,12532,CRGO,FR-108513,TONU,B,THE ROYAL GROUP,PERSATI LOGISTIC LLC,250.0,100.0,150.0,0.6,TRG WAREHOUSE,"CICERO, IL",DOMTAR WISCONSIN PAPER DIV,"ROTHSCHILD, WI",RYNE BANDOLIK,arciev1,2026-01-21 21:25:25 UTC,277,277,01/21/26,60804,54474
true,RELEASED,12534,STRA,FR-108520,POD RCVD - FAK,B,THE ROYAL GROUP,JAMAAL'S TRUCKING AND LOGISTIC,2950.0,2600.0,350.0,0.1186,THE ROYAL GROUP,"CICERO, IL",KLOCKE AMERICAS,"FORT MYERS, FL",RYNE BANDOLIK,,2026-01-21 22:52:00 UTC,1244,1309,01/22/26,60804,33913
true,RELEASED,12535,LTL,FR-406208,POD RCVD - FAK,B,THE ROYAL GROUP,ECHO GLOBAL LOGISTICS,995.0,212.47,782.53,0.7865,TRG WAREHOUSE,"ADDISON, IL",GPI NEWTON,"NEWTON, IA",RYNE BANDOLIK,,2026-01-22 14:23:29 UTC,291,291,01/22/26,60101,50208
false,RELEASED,12536,V,,POD RCVD - SKIDS,I,INNOVATIVE DRAGON GROUP,IVAN CARTAGE CO,525.0,0.0,525.0,1.0,INNOVATIVE DRAGON (WAUKESHA),"WAUKESHA, WI",HHG KENOSHA,"KENOSHA, WI",IVAN CARTAGE CO,arciev1,2026-01-22 14:36:17 UTC,55,55,01/22/26,53189,53144
true,RELEASED,12537,TL,14036,POD RCVD - PALLET,I,CARLYN DAIRY PRODUCTS,IVAN CARTAGE CO,721.87,0.0,721.87,1.0,CARLYN DAIRY PRODUCTS,"MUNDELEIN, IL",CEDAR CREST ICE CREAM,"MANITOWOC, WI",IVAN CARTAGE CO,arciev1,2026-01-22 16:56:38 UTC,137,137,01/21/26,60060,54220
true,RELEASED,12538,R,4502598472,POD RCVD - TOTES,B,"DANISCO US, INC.","MATT HENNINGS TRUCKING, INC.",850.0,800.0,50.0,0.0588,IFF - GENECOR,"BELOIT, WI",MRS - WORLEY WAREHOUSING,"CEDAR RAPIDS, IA",RYNE BANDOLIK,arciev1,2026-01-22 18:36:00 UTC,216,216,01/26/26,53511,52404
true,RELEASED,12539,R,4502598473,POD RCVD - TOTES,B,"DANISCO US, INC.",CRICKET ENTERPRISES LLC,850.0,800.0,50.0,0.0588,IFF - GENECOR,"BELOIT, WI",MRS - WORLEY WAREHOUSING,"CEDAR RAPIDS, IA",RYNE BANDOLIK,arciev1,2026-01-22 18:36:00 UTC,160,162,01/26/26,53511,52404
true,RELEASED,12540,R,4502598475,POD RCVD - TOTES,B,"DANISCO US, INC.","MATT HENNINGS TRUCKING, INC.",850.0,800.0,50.0,0.0588,IFF - GENECOR,"BELOIT, WI",MRS - WORLEY WAREHOUSING,"CEDAR RAPIDS, IA",RYNE BANDOLIK,arciev1,2026-01-22 18:38:00 UTC,160,162,01/27/26,53511,52404
false,RELEASED,12541,LTL,,POD RCVD - FAK,I,C.W.I. DISPLAYS CORP,IVAN CARTAGE CO,300.0,0.0,300.0,1.0,INNOVATIVE DRAGON (WAUKESHA),"WAUKESHA, WI",CWI,"BEDFORD PARK, IL",IVAN CARTAGE CO,,2026-01-22 23:35:42 UTC,,,01/23/26,53189,
true,RELEASED,12542,LTL,4506092749,POD RCVD - FAK,B,THE ROYAL GROUP,ECHO GLOBAL LOGISTICS,950.0,212.47,737.53,0.7763,Gencorr packaging,"ALSIP, IL",GPI NEWTON,"NEWTON, IA",RYNE BANDOLIK,arciev1,2026-01-23 14:03:11 UTC,303,303,01/23/26,60803,50208-1845
true,RELEASED,12543,STRA,65EQJ9,POD RCVD - FAK,B,ETS-LINDGREN INC C/O SHIPWELL,ENDLESS FREIGHT SOLUTIONS INC,2450.0,1925.0,525.0,0.2143,SUMITOMO WHSE,"FLEMINGTON, NJ",ETS-LINDGREN (DURANT),"DURANT, OK",RYNE BANDOLIK,arciev1,2026-01-23 14:57:12 UTC,1448,1448,01/26/26,08822,74701
true,RELEASED,12544,R,4502598953,POD RCVD - TOTES,B,"DANISCO US, INC.","MATT HENNINGS TRUCKING, INC.",850.0,800.0,50.0,0.0588,IFF - GENECOR,"BELOIT, WI",MRS - CEDAR RAPIDS,"CEDAR RAPIDS, IA",RYNE BANDOLIK,arciev1,2026-01-23 15:31:00 UTC,160,162,01/27/26,53511,52404
false,RELEASED,12555,FTL,8507315,POD RCVD - FAK,I,NFI LOGISTICS LLC,IVAN CARTAGE CO,600.0,0.0,600.0,1.0,Broan-NuTone LLC HTF,"HARTFORD, WI",HD Supply Chicago DC,"NORTHLAKE, IL",IVAN CARTAGE CO,arciev1,2026-01-23 20:14:24 UTC,117,117,01/19/26,53027,60164-1396
false,RELEASED,12556,FTL,3000179705,POD RCVD -  FAK,I,RUAN TRANSPORT CORP,IVAN CARTAGE CO,500.0,0.0,500.0,1.0,BERCO OF AMERICA,"WAUKESHA, WI","BOBCAT CO ,CRESTWOOD,IL,USA","CRESTWOOD, IL",IVAN CARTAGE CO,,2026-01-23 20:29:39 UTC,119,119,01/19/26,53186,60418-2326
false,RELEASED,12557,V,2812214,POD RCVD - FAK,I,BECKER LOGISTICS INC,IVAN CARTAGE CO,300.0,0.0,300.0,1.0,BISH CREATIVE DISPLAY,"ANTIOCH, IL",IMS KENOSHA,"KENOSHA, WI",IVAN CARTAGE CO,arciev1,2026-01-23 20:41:16 UTC,23,23,01/22/26,60002,53144-7807
true,RELEASED,12558,V,R46408,NO SCALES REQ - two POD's attached  b/c 2 orders for 1 shipment,B,AG POLYMERS,KOLEV ENTERPRISE INC,445.0,400.0,45.0,0.1011,logoplaste plainfield,"PLAINFIELD, IL",100 4th Ave ,"ROCHELLE, IL",PERLA LOPEZ,,2026-01-23 20:43:46 UTC,62,62,01/22/26,60544,61068
false,RELEASED,12559,TL,127257779,POD RCVD - PALLET,I,ARCHGATE LOGISTICS INC,IVAN CARTAGE CO,625.0,0.0,625.0,1.0,Bay Valley Foods - GB,"GREEN BAY, WI",Schroeder Pallet Services,"BEDFORD PARK, IL",IVAN CARTAGE CO,,2026-01-23 20:46:49 UTC,224,224,01/21/26,54303,60638
true,RELEASED,12560,LTL,FR-406230,POD RCVD - FAK,B,THE ROYAL GROUP,ECHO GLOBAL LOGISTICS,895.0,212.47,682.53,0.7626,TRG WAREHOUSE,"ADDISON, IL",ZF ACTIVE,"MARSHALL, IL",RYNE BANDOLIK,,2026-01-23 21:29:14 UTC,226,226,01/23/26,60101,62441
false,RELEASED,12561,FTL,0254752,POD RCVD - FAK,I,BRIDGE LOGISTICS,IVAN CARTAGE CO,400.0,0.0,400.0,1.0,MAJIC PLASTICS,"MILWAUKEE, WI",ANTEK MADISON PLASTICS USA,"CHICAGO, IL",IVAN CARTAGE CO,arciev1,2026-01-24 14:39:37 UTC,110,110,01/23/26,53218-1744,60619-6952
true,RELEASED,12562,V,R46436,SCALE TIX req,B,AG POLYMERS,KOLEV ENTERPRISE INC,445.0,400.0,45.0,0.1011,LOGO DIAGEO,"PLAINFIELD, IL",CU PLASTICS,"ROCHELLE, IL",PERLA LOPEZ,,2026-01-26 13:12:32 UTC,62,62,01/26/26,60544,61068
false,RELEASED,12563,V,2673603,POD RCD - FAK,I,ONLINE TRANSPORT SYSTEM,IVAN CARTAGE CO,700.0,0.0,700.0,1.0,NPS HOLDINGS,"CUDAHY, WI",RESTAURANT DEPOT#48,"DES PLAINES, IL",IVAN CARTAGE CO,,2026-01-26 17:05:02 UTC,61,61,01/22/26,53110-2803,60015
true,RELEASED,12564,TL,1213953,POD RCVD - PALLET,I,TRANSPORTATION ONE,IVAN CARTAGE CO,500.0,0.0,500.0,1.0,GLCCB - MILWAUKEE PC,"MILWAUKEE, WI",GLCCB - WEST DUNDEE DC,"WEST DUNDEE, IL",IVAN CARTAGE CO,,2026-01-26 17:13:39 UTC,95,95,01/26/26,53224-1414,60118-9033
false,RELEASED,12565,FTL,0664499,POD RCVD - FAK,I,ESHIPPING LLC,IVAN CARTAGE CO,500.0,0.0,500.0,1.0,SPARTECH,"MANITOWOC, WI",All State Industries,"ELK GROVE VILLAGE, IL",IVAN CARTAGE CO,,2026-01-26 17:15:52 UTC,162,162,01/23/26,54220-5948,60007
true,RELEASED,12566,TL,7414,POD RCVD - DRUMS,B,BURKE CANDY,PYH EXPRESS INC,575.0,450.0,125.0,0.2174,MAUSER PACKAGING,"CHICAGO, IL",BURKE CANDY,"MILWAUKEE, WI",RYNE BANDOLIK,rominac1,2026-01-26 17:41:00 UTC,88,91,01/28/26,60651,53212
false,RELEASED,12567,FTL,,POD RCVD - PALLETS,I,BULK SYSTEMS,IVAN CARTAGE CO,400.0,0.0,400.0,1.0,ROJAC,"UNION GROVE, WI",BULK SYSTEMS,"HAMPSHIRE, IL",IVAN CARTAGE CO,,2026-01-27 12:00:40 UTC,95,95,01/26/26,53182,60140
true,RELEASED,12568,V,R46435,POD SCL TX RCD palletized polymers,B,AG POLYMERS,KOLEV ENTERPRISE INC,445.0,400.0,45.0,0.1011,LOGO DIAGEO ,"PLAINFIELD, IL",CU PLASTICS,"ROCHELLE, IL",PERLA LOPEZ,,2026-01-27 15:29:15 UTC,62,62,01/27/26,60544,61068
true,RELEASED,12569,V,S30135,POD SCL TX RCVD - palletized polymers,B,AG POLYMERS,KOLEV ENTERPRISE INC,445.0,400.0,45.0,0.1011,cu plastics,"ROCHELLE, IL",logo van dyke,"PLAINFIELD, IL",PERLA LOPEZ,,2026-01-27 15:37:14 UTC,62,62,01/27/26,61068,60544
false,RELEASED,12570,LTL,FR-406254,POD RCVD - FAK,B,THE ROYAL GROUP,ECHO GLOBAL LOGISTICS,825.0,297.0,528.0,0.64,THE ROYAL GROUP,"ADDISON, IL",FMC CORP-WYOMING PLANT,"WYOMING, IL",RYNE BANDOLIK,arciev1,2026-01-27 18:52:19 UTC,152,152,01/27/26,60101,61491
true,RELEASED,12571,R,4502600046,POD RCVD - TOTES,B,"DANISCO US, INC.","LANDSTAR RANGER, INC.",850.0,825.0,25.0,0.0294,IFF - GENECOR,"BELOIT, WI",MRS - WORLEY WAREHOUSING,"CEDAR RAPIDS, IA",RYNE BANDOLIK,arciev1,2026-01-27 19:01:00 UTC,160,162,01/29/26,53511,52404
false,RELEASED,12573,FTL,201249099,POD RCVD - FAK,I,BATORY FOODS,IVAN CARTAGE CO,461.18,0.0,461.18,1.0,BATORY ELK GROVE,"ELK GROVE VILLAGE, IL",SYNERGY,"WAUCONDA, IL",IVAN CARTAGE CO,arciev1,2026-01-27 19:27:00 UTC,25,26,01/30/26,60007,60084
false,RELEASED,12574,FTL,201090284,POD RCVD - PALLETS,I,BATORY FOODS,IVAN CARTAGE CO,645.42,0.0,645.42,1.0,BATORY'S OAKLEY CHICAGO,"CHICAGO, IL",DENALI INGREDIENTS,"NEW BERLIN, WI",IVAN CARTAGE CO,,2026-01-27 19:29:00 UTC,93,102,02/02/26,60609,53151
true,RELEASED,12575,R,4502598471,POD RCVD - TOTES,B,"DANISCO US, INC.","MATT HENNINGS TRUCKING, INC.",850.0,800.0,50.0,0.0588,IFF - GENECOR,"BELOIT, WI",MRS - WORLEY WAREHOUSING,"CEDAR RAPIDS, IA",RYNE BANDOLIK,arciev1,2026-01-27 20:29:00 UTC,160,162,01/28/26,53511,52404
false,RELEASED,12576,TL,65920024,POD RCVD - SKID,I,ECHO,IVAN CARTAGE CO,550.0,0.0,550.0,1.0,Foo Xin Industry SDN BHD,"MOUNT PLEASANT, WI","RDI,Inc","CHICAGO, IL",IVAN CARTAGE CO,arciev1,2026-01-28 12:26:00 UTC,86,86,01/27/26,53177-3349,60632-3938
false,RELEASED,12577,FTL,60113015513,POD RCVD - FAK,I,PRIORITY 1 INC,IVAN CARTAGE CO,600.0,0.0,600.0,1.0,"MCD, Inc","MADISON, WI",Westrock ,"WOODRIDGE, IL",RUBEN VARGAS,arciev1,2026-01-28 12:35:10 UTC,140,140,01/27/26,53716,60517
false,RELEASED,12578,FTL,Q74-GMTN,POD RCVD - FAK,I,FLOCK FREIGHT,IVAN CARTAGE CO,500.0,0.0,500.0,1.0,"JAMCO PRODUCTS, INC.","SOUTH BELOIT, IL",GLOBAL INDUSTRIAL DISTRIBUTION INC,"PLEASANT PRAIRIE, WI",,,2026-01-28 12:45:02 UTC,72,72,01/26/26,61080,53158
false,RELEASED,12579,FTL,2194115,POD RCVD - PALLETS,I,FITZMARK,IVAN CARTAGE CO,700.0,0.0,700.0,1.0,AMCOR FLEXIBLES LLC,"LIBERTYVILLE, IL",7701-AFNA - RGL,"NEENAH, WI",RUBEN VARGAS,arciev1,2026-01-28 15:31:00 UTC,149,152,01/30/26,60048,54956
true,RELEASED,12580,FTL,FR-108636,POD RCVD - FAK,B,THE ROYAL GROUP,LENTI INC,1500.0,1150.0,350.0,0.2333,THE ROYAL GROUP,"CICERO, IL",GPI NEWTON,"NEWTON, IA",RYNE BANDOLIK,arciev1,2026-01-28 17:38:00 UTC,291,297,01/29/26,60804,50208
false,RELEASED,12582,FTL,201180383,POD RCVD - FAK,B,BATORY FOODS,PYH EXPRESS INC,945.25,600.0,345.25,0.3652,DYNAMICS 3PL,"WILMINGTON, IL",BELL,"WINDSOR, WI",RYNE BANDOLIK,arciev1,2026-01-28 21:12:29 UTC,189,189,02/02/26,60481,53598
false,RELEASED,12583,TL,201143701,POD RCVD - PALLET,I,BATORY FOODS,IVAN CARTAGE CO,645.42,0.0,645.42,1.0,BATORY'S OAKLEY CHICAGO,"CHICAGO, IL",DENALI-CALHOUN,"NEW BERLIN, WI",IVAN CARTAGE CO,arciev1,2026-01-29 12:54:04 UTC,101,101,01/27/26,60609,53151
false,RELEASED,12584,TL,NWI167707,POD RCVD - FAK,I,NEW WAVE INTERNATIONAL CARGO,IVAN CARTAGE CO,460.0,0.0,460.0,1.0,BONA FIDE CORP,"PLEASANT PRAIRIE, WI","SUMMIT DESIGN + BUILD, LLC","CHICAGO, IL",IVAN CARTAGE CO,,2026-01-29 13:05:00 UTC,51,58,01/30/26,53158,60614
false,RELEASED,12585,TL,0146221,POD RCVD - PALLETS,I,GOLD STAR TRANSPORTATION,IVAN CARTAGE CO,500.0,0.0,500.0,1.0,ARDENT MILLS,"KENOSHA, WI","ELEMENT FOOD SOLUTIONS, L","HODGKINS, IL",IVAN CARTAGE CO,,2026-01-29 13:33:00 UTC,67,67,01/29/26,53142,60525
true,RELEASED,12586,LTL,FR-406278,POD RCVD - FAK,B,THE ROYAL GROUP,ECHO GLOBAL LOGISTICS,675.0,229.55,445.45,0.6599,TRG WAREHOUSE,"ADDISON, IL",USA MERRILLVILLE,"CROWN POINT, IN",RYNE BANDOLIK,,2026-01-29 14:18:59 UTC,65,65,01/29/26,60101,46307
true,RELEASED,12587,LTL,FR-406279,POD RCVD - FAK,B,THE ROYAL GROUP,ECHO GLOBAL LOGISTICS,995.0,213.89,781.11,0.785,TRG WAREHOUSE,"ADDISON, IL",GPI Newton,"NEWTON, IA",RYNE BANDOLIK,,2026-01-29 15:24:17 UTC,291,291,01/29/26,60101,50208-1845
true,RELEASED,12588,R,4502600906,POD RCVD - TOTES,B,"DANISCO US, INC.","MATT HENNINGS TRUCKING, INC.",850.0,800.0,50.0,0.0588,IFF - GENECOR,"BELOIT, WI",MRS - WORLEY WAREHOUSING,"CEDAR RAPIDS, IA",RYNE BANDOLIK,arciev1,2026-01-29 11:05:00 UTC,160,162,02/02/26,53511,52404
true,RELEASED,12589,R,4502600907,POD RCVD - TOTES,B,"DANISCO US, INC.","MATT HENNINGS TRUCKING, INC.",850.0,800.0,50.0,0.0588,IFF - GENECOR,"BELOIT, WI",MRS - WORLEY WAREHOUSING,"CEDAR RAPIDS, IA",RYNE BANDOLIK,arciev1,2026-01-29 06:07:00 UTC,160,162,02/02/26,53511,52404
true,RELEASED,12590,FTL,FR-108643,POD RCVD - FAK,B,THE ROYAL GROUP,PYH EXPRESS INC,795.0,625.0,170.0,0.2138,THE ROYAL GROUP,"CICERO, IL",PROCON-LITTLE CHUTE,"LITTLE CHUTE, WI",RYNE BANDOLIK,arciev1,2026-01-29 14:01:00 UTC,190,207,01/30/26,60804,54140
false,RELEASED,12591,FTL,60113027605,POD RCVD - FAK,I,PRIORITY 1 INC,IVAN CARTAGE CO,400.0,0.0,400.0,1.0,Adams Plastic,"GURNEE, IL",Trim-Tex,"LINCOLNWOOD, IL",RUBEN VARGAS,arciev1,2026-01-29 20:23:56 UTC,35,35,01/28/26,60031,60712-2508
false,RELEASED,12592,FTL,262704,POD RCVD - FAK,I,THE WORTHINGTON COMPANY,IVAN CARTAGE CO,400.0,0.0,400.0,1.0,UsedCardboardBoxes.com,"MILWAUKEE, WI",Marcell's Paper And Metal,"CHICAGO, IL",IVAN CARTAGE CO,,2026-01-29 20:28:47 UTC,91,91,01/27/26,53221-3662,60624-1016
false,RELEASED,12593,TL,65927129,POD RCVD - SKID,I,ECHO,IVAN CARTAGE CO,575.0,0.0,575.0,1.0,"Gehl Foods, Pick Ups","GERMANTOWN, WI",HUB BOLINGBROOK,"BOLINGBROOK, IL",IVAN CARTAGE CO,arciev1,2026-01-29 20:31:40 UTC,123,123,01/28/26,53022,60440-3065
false,RELEASED,12594,FTL,0255606,POD RCVD - FAK,I,BRIDGE LOGISTICS,IVAN CARTAGE CO,400.0,0.0,400.0,1.0,MAJIC PLASTICS,"MILWAUKEE, WI",ANTEK MADISON PLASTICS USA,"CHICAGO, IL",IVAN CARTAGE CO,arciev1,2026-01-29 20:36:00 UTC,104,112,02/03/26,53218,60619
true,RELEASED,12595,V,STORAGE FEB 2026,STORAGE,B,OLDS PRODUCTS,BCAT,2400.0,0.0,2400.0,1.0,OLDS PRODUCTS,"PLEASANT PRAIRIE, WI",OLDS PRODUCTS,"PLEASANT PRAIRIE, WI",RYNE BANDOLIK,,2026-01-30 00:33:18 UTC,0,0,02/28/26,53158,53158
false,RELEASED,12596,FTL,,POD RCVD - PALLET,I,CARLYN DAIRY PRODUCTS,IVAN CARTAGE CO,175.0,0.0,175.0,1.0,CARLYN DAIRY PRODUCTS,"MUNDELEIN, IL",FURLANI FOODS,"OAK CREEK, WI",RYNE BANDOLIK,arciev1,2026-01-30 12:06:42 UTC,50,50,01/29/26,60060,53154
false,RELEASED,12597,TL,201191688,POD RCVD - PALLET,I,BATORY FOODS,IVAN CARTAGE CO,645.42,0.0,645.42,1.0,BATORY'S OAKLEY CHICAGO,"CHICAGO, IL",DENALI-CALHOUN,"NEW BERLIN, WI",IVAN CARTAGE CO,arciev1,2026-01-30 08:02:00 UTC,93,102,02/02/26,60609,53151
false,RELEASED,12598,TL,200582088,POD RCVD - PALLET,I,BATORY FOODS,IVAN CARTAGE CO,493.0,0.0,493.0,1.0,BATORY'S OAKLEY CHICAGO,"CHICAGO, IL",EAGLE FOODS,"WAUKEGAN, IL",IVAN CARTAGE CO,arciev1,2026-01-30 08:04:00 UTC,45,53,02/02/26,60609,60087
false,RELEASED,12599,FTL,200995238,POD RCVD - FAK,B,BATORY FOODS,PYH EXPRESS INC,923.9,800.0,123.9,0.1341,BATORY FOODS WILMINGTON,"WILMINGTON, IL","RURAL ROUTE 1, INC","LIVINGSTON, WI",RYNE BANDOLIK,,2026-01-30 08:07:00 UTC,204,243,02/02/26,60481,53554
false,RELEASED,12600,TL,201090285,POD RCVD - PALLET,I,BATORY FOODS,IVAN CARTAGE CO,645.42,0.0,645.42,1.0,BATORY'S OAKLEY CHICAGO,"CHICAGO, IL",DENALI-CALHOUN,"NEW BERLIN, WI",IVAN CARTAGE CO,arciev1,2026-01-30 08:09:00 UTC,93,102,02/03/26,60609,53151
false,RELEASED,12601,TL,200582289,POD RCVD - PALLET,I,BATORY FOODS,IVAN CARTAGE CO,493.0,0.0,493.0,1.0,BATORY'S OAKLEY CHICAGO,"CHICAGO, IL",EAGLE FOODS,"WAUKEGAN, IL",IVAN CARTAGE CO,arciev1,2026-01-30 09:22:00 UTC,45,53,02/04/26,60609,60087
false,RELEASED,12602,FTL,201433808,POD RCVD - FAK,I,BATORY FOODS,IVAN CARTAGE CO,647.3,0.0,647.3,1.0,BATORY'S OAKLEY CHICAGO,"CHICAGO, IL",DENALI-LIDNER,"WAUKESHA, WI",IVAN CARTAGE CO,arciev1,2026-01-30 09:24:00 UTC,104,110,02/04/26,60609,53186
true,RELEASED,12603,V,Transaction ID - R46520,FAK,B,AG POLYMERS,CES DEVELOPMENT INC,550.0,550.0,0.0,0.0,Logo Van Dyke,"PLAINFIELD, IL",CU PLASTICS,"ROCHELLE, IL",PERLA LOPEZ,,2026-01-30 14:41:08 UTC,62,62,01/30/26,60544,61068
false,RELEASED,12604,FTL,FR-108658,POD RCVD - FAK,B,THE ROYAL GROUP,BEKTESHI LOGISTICS INC,1295.0,1000.0,295.0,0.2278,TRG WAREHOUSE,"CICERO, IL",DOMTAR WISCONSIN PAPER DIV,"ROTHSCHILD, WI",RYNE BANDOLIK,arciev1,2026-01-30 05:43:00 UTC,265,278,01/30/26,60804,54474
true,RELEASED,12606,FT,,POD RCVD - SALT,B,XYNYTH MANUFACTURING CORP.,LEO TRANSPORT LTD,4000.0,3841.92,158.08,0.0395,CSR PARTNERS,"DAVIDSON, SK",BROOKLYN SHIP YARD,"BROOKLYN, NY",BRANDON KING,,2026-01-30 06:34:00 UTC,,,02/02/26,,
false,RELEASED,12607,STRA,FR-108659,POD RCVD - FAK,B,THE ROYAL GROUP,P&S E CARGO,1200.0,1050.0,150.0,0.125,THE ROYAL GROUP,"CICERO, IL",GPI Newton,"NEWTON, IA",RYNE BANDOLIK,,2026-01-30 17:08:00 UTC,297,297,01/30/26,60804,50208-1845
false,RELEASED,12608,FTL,201375987,POD RCVD - FAK,B,BATORY FOODS,PYH EXPRESS INC,725.0,525.0,200.0,0.2759,DYNAMICS 3PL,"WILMINGTON, IL",CROWN,"PLEASANT PRAIRIE, WI",RYNE BANDOLIK,arciev1,2026-01-30 14:55:00 UTC,99,104,02/02/26,60481,53158
true,RELEASED,12609,V,R46533,FAK,B,AG POLYMERS,JHR TRANSPORTATION INC,565.0,500.0,65.0,0.115,LOGOPLASTE DIAGEO,"PLAINFIELD, IL",CU PLASTICS,"ROCHELLE, IL",PERLA LOPEZ,,2026-01-30 20:59:51 UTC,62,62,02/02/26,60544,61068
true,RELEASED,12611,V,R46535,SCALE AND POD RCVD,B,AG POLYMERS,CES DEVELOPMENT INC,565.0,550.0,15.0,0.0265,LOGOPLASTE DIAGEO,"PLAINFIELD, IL",CU PLASTICS,"ROCHELLE, IL",PERLA LOPEZ,,2026-01-30 23:21:02 UTC,62,62,02/04/26,60544,61068
true,RELEASED,12612,FTL,FR-108670-1,POD RCVD - FAK,B,THE ROYAL GROUP,BK DELIVERY EXPRESS INC,1500.0,1231.25,268.75,0.1792,TRG WAREHOUSE,"CICERO, IL",GPI NEWTON,"NEWTON, IA",RYNE BANDOLIK,arciev1,2026-01-31 10:12:00 UTC,291,297,02/02/26,60804,50208
true,RELEASED,12613,FTL,FR-108670-2,POD RCVD - FAK,B,THE ROYAL GROUP,BLUE STAR EXPRESS INC,1500.0,1350.0,150.0,0.1,TRG WAREHOUSE,"CICERO, IL",GPI NEWTON,"NEWTON, IA",RYNE BANDOLIK,arciev1,2026-01-31 05:12:00 UTC,291,297,02/02/26,60804,50208
false,RELEASED,12614,V,R46490,MISSING SCALES FROM CARRIER,B,AG POLYMERS,ON-SITE EXPRESS INC,485.0,300.0,185.0,0.3814,LOGOPLASTE VAN DYKE,"PLAINFIELD, IL",CU PLASTIC,"ROCHELLE, IL",PERLA LOPEZ,,2026-02-01 19:32:40 UTC,62,62,02/02/26,60544,61068
false,RELEASED,12615,FTL,1341405,POD RCVD - FAK,I,VERIHA LOGISTICS,IVAN CARTAGE CO,835.0,0.0,835.0,1.0,EAGLE FOODS,"KENOSHA, WI",SADDLE CREEK - LOCATION 2,"JOLIET, IL",IVAN CARTAGE CO,arciev1,2026-02-02 12:22:57 UTC,100,100,01/29/26,53144-7520,60436
false,RELEASED,12616,FTL,9400148,POD RCVD - FAK,I,"TRINITY LOGISTICS, INC.",IVAN CARTAGE CO,400.0,0.0,400.0,1.0,PU,"PLEASANT PRAIRIE, WI",,"CHICAGO, IL",IVAN CARTAGE CO,,2026-02-02 13:52:50 UTC,61,61,01/30/26,53158,60699
false,RELEASED,12618,FTL,8676,POD RCVD - FAK,B,SWAN GROUP LOGISTICS,BCAT,225.0,0.0,225.0,1.0,Ritus Rubber aka VRC Eng,"MILWAUKEE, WI",Matrix (Flexx Freight Inc),"BRIDGEVIEW, IL",RUBEN VARGAS,,2026-02-02 15:16:59 UTC,114,114,01/30/26,53223-4160,60455
false,RELEASED,12619,LTL,,POD RCVD - FAK,I,C.W.I. DISPLAYS CORP,IVAN CARTAGE CO,300.0,0.0,300.0,1.0,INNOVATIVE DRAGON (WAUKESHA),"WAUKESHA, WI",CWI,"BEDFORD PARK, IL",IVAN CARTAGE CO,,2026-02-02 15:21:02 UTC,,,02/02/26,53189,
false,RELEASED,12620,TL,0146135,POD RCVD - PALLETS,I,GOLD STAR TRANSPORTATION,IVAN CARTAGE CO,563.34,0.0,563.34,1.0,ARDENT MILLS,"KENOSHA, WI",GORDON FOOD SERVICE,"KENOSHA, WI",IVAN CARTAGE CO,,2026-02-02 15:26:32 UTC,1,1,02/04/26,53142,53144
true,RELEASED,12621,SD,,POD RCVD - SALT,B,XYNYTH MANUFACTURING CORP.,LEO TRANSPORT LTD,4000.0,3841.92,158.08,0.0395,CSR PARTNERS,"DAVIDSON, SK",BROOKLYN SHIP YARD,"BROOKLYN, NY",BRANDON KING,,2026-02-02 16:41:00 UTC,,,02/03/26,,
true,RELEASED,12622,STRA,43488028,POD RCVD - TOTES,B,"DANISCO US, INC.",G2 LOGISTICS INC,1950.0,1500.0,450.0,0.2308,IFF - GENECOR,"BELOIT, WI",ADM Marshall WM Ethanol,"MARSHALL, MN",RYNE BANDOLIK,,2026-02-02 18:19:46 UTC,440,440,02/04/26,53511,56258
true,RELEASED,12624,LTL,FR-406320,POD RCVD - FAK,B,THE ROYAL GROUP,ECHO GLOBAL LOGISTICS,675.0,193.56,481.44,0.7132,TRG WAREHOUSE,"ADDISON, IL",USA MERRILLVILLE,"CROWN POINT, IN",RYNE BANDOLIK,,2026-02-02 21:58:41 UTC,65,65,02/03/26,60101,46307
true,RELEASED,12625,FTL,P60737-F,POD RCVD - Molded Pulp,B,DANDEE PALLET AND PACKAGING,CIE TRANSPORT INC,995.0,725.0,270.0,0.2714,ENVIROPAK,"EARTH CITY, MO",DANDEE PALLET AND PACKAGING,"WEST CHICAGO, IL",RYNE BANDOLIK,arciev1,2026-02-02 22:03:36 UTC,304,304,02/03/26,63045,60185
false,RELEASED,12626,FTL,FR-108686-1,POD RCVD - PACKAGING,B,THE ROYAL GROUP,FIRE TRANSPORT CORP,1025.0,885.0,140.0,0.1366,THE ROYAL GROUP,"CICERO, IL", RAINBOW AGRO,"CHAMPAIGN, IL",RYNE BANDOLIK,,2026-02-02 22:56:10 UTC,140,140,02/03/26,60804,61822
false,RELEASED,12627,FTL,FR-108686-2,POD RCVD - PACKAGING,B,THE ROYAL GROUP,FIRE TRANSPORT CORP,1025.0,850.0,175.0,0.1707,THE ROYAL GROUP,"CICERO, IL",RAINBOW AGRO,"CHAMPAIGN, IL",RYNE BANDOLIK,,2026-02-02 12:58:00 UTC,130,140,02/03/26,60804,61822
false,RELEASED,12628,TL,201140024,POD RCVD - PALLET,I,BATORY FOODS,IVAN CARTAGE CO,647.3,0.0,647.3,1.0,BATORY'S OAKLEY CHICAGO,"CHICAGO, IL",DENALI-CALHOUN,"NEW BERLIN, WI",IVAN CARTAGE CO,arciev1,2026-02-03 12:29:32 UTC,101,101,02/02/26,60609,53151
true,RELEASED,12631,FTL,FR-108709,POD RCVD - FAK,B,THE ROYAL GROUP,BK DELIVERY EXPRESS INC,1500.0,1152.5,347.5,0.2317,TRG WAREHOUSE,"CICERO, IL",GPI NEWTON,"NEWTON, IA",RYNE BANDOLIK,arciev1,2026-02-03 11:51:00 UTC,291,297,02/04/26,60804,50208
true,RELEASED,12632,FTL,FR-108710,POD RCVD - FAK,B,THE ROYAL GROUP,"LANDSTAR RANGER, INC.",825.0,700.0,125.0,0.1515,THE ROYAL GROUP,"CICERO, IL",PROCON-LITTLE CHUTE,"LITTLE CHUTE, WI",RYNE BANDOLIK,arciev1,2026-02-03 17:01:00 UTC,190,207,02/04/26,60804,54140
true,RELEASED,12633,V,U3133,DUNNAGE NO SCALE TIX,B,AG POLYMERS,KOLEV ENTERPRISE INC,445.0,400.0,45.0,0.1011,CU PLASTICS ,"ROCHELLE, IL",LOGO VAN DYKE,"PLAINFIELD, IL",PERLA LOPEZ,,2026-02-04 07:07:52 UTC,62,62,02/04/26,61068,60544
false,RELEASED,12634,TL,200826152,POD RCVD - PALLET,I,BATORY FOODS,IVAN CARTAGE CO,493.4,0.0,493.4,1.0,BATORY'S OAKLEY CHICAGO,"CHICAGO, IL",EAGLE FOODS,"WAUKEGAN, IL",IVAN CARTAGE CO,arciev1,2026-02-04 12:06:24 UTC,56,56,02/03/26,60609,60087
false,RELEASED,12645,FTL,200775665,POD RCVD - FAK,B,BATORY FOODS,PYH EXPRESS INC,650.78,500.0,150.78,0.2317,BATORY'S OAKLEY CHICAGO,"CHICAGO, IL","PHELPS INDUSTRIES, LLC","JANESVILLE, WI",RYNE BANDOLIK,,2026-02-04 16:44:09 UTC,113,113,02/05/26,60609,53546
false,RELEASED,12649,FTL,0019069,POD RCVD - FAK,I,RAIN DOGS LOGISTICS,IVAN CARTAGE CO,550.0,0.0,550.0,1.0,REGAL WARE,"WEST BEND, WI",KOCOUR COMPANY,"CHICAGO, IL",IVAN CARTAGE CO,,2026-02-05 12:19:48 UTC,144,144,02/05/26,53090-1961,60632
false,RELEASED,12650,TL,200582290,POD RCVD - PALLET,I,BATORY FOODS,IVAN CARTAGE CO,493.0,0.0,493.0,1.0,BATORY'S OAKLEY CHICAGO,"CHICAGO, IL",EAGLE FOODS,"WAUKEGAN, IL",IVAN CARTAGE CO,arciev1,2026-02-05 12:23:39 UTC,56,56,02/04/26,60609,60087
true,RELEASED,12653,FTL,4502603381,POD RCVD - TOTES,B,"DANISCO US, INC.",CRICKET ENTERPRISES LLC,850.0,800.0,50.0,0.0588,IFF - GENECOR,"BELOIT, WI",MRS - WORLEY WAREHOUSING,"CEDAR RAPIDS, IA",RYNE BANDOLIK,arciev1,2026-02-05 10:05:00 UTC,160,162,02/09/26,53511,52404
true,RELEASED,12654,R,4502603385,POD RCVD - TOTES,B,"DANISCO US, INC.",ELGON LOGISTICS LLC,850.0,800.0,50.0,0.0588,IFF - GENECOR,"BELOIT, WI",MRS - WORLEY WAREHOUSING,"CEDAR RAPIDS, IA",RYNE BANDOLIK,arciev1,2026-02-05 10:05:00 UTC,160,162,02/09/26,53511,52404
false,RELEASED,12655,STRA,FR-108754-1,POD RCVD - FAK,B,THE ROYAL GROUP,NO WAIT FREIGHT INC,1050.0,700.0,350.0,0.3333,THE ROYAL GROUP,"CICERO, IL",AEROFIL TECHNOLOGY,"BOURBON, MO",RYNE BANDOLIK,,2026-02-05 10:40:00 UTC,361,362,02/05/26,60804,65441
false,RELEASED,12656,FTL,FR-108754-2,POD RCVD - FAK,B,THE ROYAL GROUP,IC TRANSPORT LLC,1650.0,1200.0,450.0,0.2727,THE ROYAL GROUP,"CICERO, IL",ECONO-PAK C/O KING ARTHUR BAKI,"MILFORD, PA",RYNE BANDOLIK,,2026-02-05 05:45:00 UTC,742,759,02/05/26,60804,18337
false,RELEASED,12657,FTL,201701277,POD RCVD - FAK,B,BATORY FOODS,FROM POINT TO POINT INC,1030.04,650.0,380.04,0.369,J RETTENMAIER USA,"SCHOOLCRAFT, MI",BATORY FOODS WILMINGTON,"WILMINGTON, IL",RYNE BANDOLIK,,2026-02-05 11:55:00 UTC,168,175,02/11/26,49087,60481
false,RELEASED,12658,FTL,201752350,PALLETS,B,BATORY FOODS,BEE LOGISTICS INC,751.0,500.0,251.0,0.3342,BATORY FOODS WILMINGTON,"WILMINGTON, IL","CROWN BAKERIES, PLEASANT PRAIR","PLEASANT PRAIRIE, WI",RYNE BANDOLIK,arciev1,2026-02-05 20:38:40 UTC,104,104,02/06/26,60481,53158
true,RELEASED,12659,V,679829,POD RCVD - SALT,B,XYNYTH MANUFACTURING CORP.,SINGH WAYS TRUCKLINES LTD,2053.0,1953.0,100.0,0.0487,PARTNER INDUSTRIES,"DAVIDSON, SK",NEILL CARTAGE,"BERKELEY, IL",BRANDON KING,,2026-02-05 02:43:00 UTC,1233,1233,02/09/26,,60163
true,RELEASED,12660,V,R46606,POD SCLE RCVD,B,AG POLYMERS,DS WES TRANSPORTATION INC,600.0,600.0,0.0,0.0,LOGOPLASTE Van Dyke,"PLAINFIELD, IL",CU PLASTICS,"ROCHELLE, IL",PERLA LOPEZ,,2026-02-06 01:36:21 UTC,62,62,02/06/26,60544,61068
true,RELEASED,12661,V,R46534,POD SCL RCVD - FAK,B,AG POLYMERS,KOLEV ENTERPRISE INC,445.0,400.0,45.0,0.1011,LOGOPLASTE VAN DYKE,"PLAINFIELD, IL",CU PLASTICS,"ROCHELLE, IL",PERLA LOPEZ,,2026-02-06 04:26:04 UTC,62,62,02/06/26,60544,61068
false,RELEASED,12662,FTL,200522113,POD RCVD - FAK,I,BATORY FOODS,IVAN CARTAGE CO,648.24,0.0,648.24,1.0,BATORY'S OAKLEY CHICAGO,"CHICAGO, IL",DENALI-LIDNER,"WAUKESHA, WI",IVAN CARTAGE CO,arciev1,2026-02-06 12:35:54 UTC,109,109,02/04/26,60609,53186
false,RELEASED,12663,TL,201090286,POD RCVD - PALLET,I,BATORY FOODS,IVAN CARTAGE CO,648.24,0.0,648.24,1.0,BATORY'S OAKLEY CHICAGO,"CHICAGO, IL",DENALI-CALHOUN,"NEW BERLIN, WI",IVAN CARTAGE CO,arciev1,2026-02-06 12:43:30 UTC,101,101,02/03/26,60609,53151
false,RELEASED,12664,FTL,201392807,POD RCVD - FAK,I,BATORY FOODS,IVAN CARTAGE CO,628.18,0.0,628.18,1.0,BATORY ELK GROVE,"ELK GROVE VILLAGE, IL",NOVOZYMES BIOAG INC,"MILWAUKEE, WI",IVAN CARTAGE CO,arciev1,2026-02-06 12:49:41 UTC,95,95,02/05/26,60007,53218
false,RELEASED,12665,FTL,201541168,POD RCVD - PALLETS,I,BATORY FOODS,IVAN CARTAGE CO,849.52,0.0,849.52,1.0,BATORY FOODS WILMINGTON,"WILMINGTON, IL",JENEIL BIOTECH INC.,"SAUKVILLE, WI",IVAN CARTAGE CO,arciev1,2026-02-06 12:56:11 UTC,162,162,02/04/26,60481,53080
false,RELEASED,12666,FTL,495-PZ5DTONU,TONU,I,FLOCK FREIGHT,IVAN CARTAGE CO,150.0,0.0,150.0,1.0,Lamplights Farms,"MILWAUKEE, WI",4C logistics,"PLANO, IL",IVAN CARTAGE CO,,2026-02-06 13:06:57 UTC,143,143,02/06/26,53223,60545-9706
false,RELEASED,12667,TL,,POD RCVD - SKIDS,I,ROJAC,IVAN CARTAGE CO,150.0,0.0,150.0,1.0,IFF - GENECOR,"RACINE, WI",ROJAC,"UNION GROVE, WI",RUBEN VARGAS,rominac1,2026-02-06 14:52:58 UTC,0,0,02/04/26,53406-5031,53182
false,RELEASED,12668,STRA,FR-108775,POD RCVD - FAK,B,THE ROYAL GROUP,ALL ABOUT BUSINESS CO,1200.0,750.0,450.0,0.375,THE ROYAL GROUP,"CICERO, IL",GPI NEWTON,"NEWTON, IA",RYNE BANDOLIK,,2026-02-06 10:34:00 UTC,291,297,02/06/26,60804,50208
true,RELEASED,12669,SD,679790,POD RCVD - SALT,B,XYNYTH MANUFACTURING CORP.,NGA LOGISTICS LTD,4000.0,3841.92,158.08,0.0395,CSR PARTNERS,"DAVIDSON, SK",BROOKLYN SHIP YARD,"BROOKLYN, NY",BRANDON KING,,2026-02-06 16:05:32 UTC,,,02/06/26,,
false,RELEASED,12670,FTL,127476606,POD RCVD - FAK,I,DROVER LOGISTICS CORP,IVAN CARTAGE CO,500.0,0.0,500.0,1.0,Natures Parth,"SUSSEX, WI",TRG,"ADDISON, IL",IVAN CARTAGE CO,,2026-02-06 18:05:52 UTC,106,106,02/03/26,53089,60101-3057
false,RELEASED,12671,FTL,167913,POD RCVD - FAK,I,4WRD FREIGHT,IVAN CARTAGE CO,450.0,0.0,450.0,1.0,MILORGANITE 58354,"MILWAUKEE, WI",True Value Harvard RDC,"HARVARD, IL",IVAN CARTAGE CO,,2026-02-06 18:12:13 UTC,74,74,02/04/26,53207-1045,60033
false,RELEASED,12672,FTL,201718007,POD RCVD - PALLETS,B,BATORY FOODS,PYH EXPRESS INC,651.0,475.0,176.0,0.2704,BATORY FOODS WILMINGTON,"WILMINGTON, IL",OLDS PRODUCTS,"PLEASANT PRAIRIE, WI",IVAN CARTAGE CO,,2026-02-06 08:13:00 UTC,99,104,02/09/26,60481,53158
false,RELEASED,12673,FTL,0255489,POD RCVD - FAK,I,BRIDGE LOGISTICS,IVAN CARTAGE CO,400.0,0.0,400.0,1.0,ELITE ENERGY,"BROOKFIELD, WI",CREATIVE METALS,"CHICAGO, IL",IVAN CARTAGE CO,arciev1,2026-02-06 18:15:49 UTC,115,115,02/02/26,53005,60632-3813
false,RELEASED,12674,FTL,SH-74228,POD RCVD - FAK,I,MERGE TRANSPORTATION,IVAN CARTAGE CO,325.0,0.0,325.0,1.0,TRICORBRAUN - CHICAGO NORTH,"LIBERTYVILLE, IL",PAKET CORPORATION,"CHICAGO, IL",IVAN CARTAGE CO,,2026-02-06 18:25:05 UTC,53,53,02/09/26,60048,60617
false,RELEASED,12699,STRA,6H9DTV,POD RCVD - FAK,B,ETS-LINDGREN INC C/O SHIPWELL,ENDLESS FREIGHT SOLUTIONS INC,2450.0,0.0,2450.0,1.0,SUMITOMO WHSE,"FLEMINGTON, NJ",ETS-LINDGREN (DURANT),"DURANT, OK",RYNE BANDOLIK,arciev1,2026-02-06 21:52:55 UTC,0,0,02/10/26,08822,74701
true,RELEASED,12701,V,R46636,NO SCALE TIX-DUNNAGE,B,AG POLYMERS,DS WES TRANSPORTATION INC,485.0,450.0,35.0,0.0722,Logo Van Dyke,"PLAINFIELD, IL",CU PLASTICS,"ROCHELLE, IL",PERLA LOPEZ,,2026-02-09 00:47:58 UTC,62,62,02/09/26,60544,61068
false,RELEASED,12702,FTL,200965288,POD RCVD - PALLETS,I,BATORY FOODS,IVAN CARTAGE CO,645.48,0.0,645.48,1.0,BATORY'S OAKLEY CHICAGO,"CHICAGO, IL",THE MASTERSON CO,"MILWAUKEE, WI",IVAN CARTAGE CO,arciev1,2026-02-09 12:10:35 UTC,95,95,02/06/26,60609,53215
true,RELEASED,12703,FTL,4502603899,POD RCVD - TOTES,B,"DANISCO US, INC.","MATT HENNINGS TRUCKING, INC.",850.0,800.0,50.0,0.0588,IFF - GENECOR,"BELOIT, WI",MRS - WORLEY WAREHOUSING,"CEDAR RAPIDS, IA",RYNE BANDOLIK,arciev1,2026-02-09 07:24:00 UTC,160,162,02/10/26,53511,52404
true,RELEASED,12705,FTL,4502603901,POD RCVD - TOTES,B,"DANISCO US, INC.",ELGON LOGISTICS LLC,850.0,800.0,50.0,0.0588,IFF - GENECOR,"BELOIT, WI",MRS - WORLEY WAREHOUSING,"CEDAR RAPIDS, IA",RYNE BANDOLIK,arciev1,2026-02-09 07:27:00 UTC,160,162,02/11/26,53511,52404
true,RELEASED,12706,FTL,4502603908,POD RCVD - TOTES,B,"DANISCO US, INC.","MATT HENNINGS TRUCKING, INC.",850.0,800.0,50.0,0.0588,IFF - GENECOR,"BELOIT, WI",MRS - WORLEY WAREHOUSING,"CEDAR RAPIDS, IA",RYNE BANDOLIK,arciev1,2026-02-09 12:27:09 UTC,216,216,02/11/26,53511,52404
false,RELEASED,12707,LTL,,POD RCVD - FAK,I,C.W.I. DISPLAYS CORP,IVAN CARTAGE CO,300.0,0.0,300.0,1.0,INNOVATIVE DRAGON (WAUKESHA),"WAUKESHA, WI",CWI,"BEDFORD PARK, IL",IVAN CARTAGE CO,,2026-02-09 16:32:57 UTC,,,02/06/26,53189,
false,RELEASED,12708,FTL,201853220,POD RCVD - FAK,B,BATORY FOODS,U.S. EXPEDITERS INC,1264.38,1050.0,214.38,0.1696,"SELECT CUSTOM SOLUTIONS, LLC","LA CROSSE, WI",BATORY FOODS,"WILMINGTON, IL",RYNE BANDOLIK,,2026-02-09 11:39:00 UTC,300,318,02/11/26,54603,60481
false,RELEASED,12709,FTL,201853356,POD RCVD - FAK,B,BATORY FOODS,DNA FREIGHT INC,1264.38,950.0,314.38,0.2486,"SELECT CUSTOM SOLUTIONS, LLC","LA CROSSE, WI",BATORY FOODS,"WILMINGTON, IL",RYNE BANDOLIK,,2026-02-09 16:40:10 UTC,318,318,02/11/26,54603,60481
false,RELEASED,12710,FTL,201853469,POD RCVD - FAK,B,BATORY FOODS,MEGA EXPRESS INC,1264.38,1000.0,264.38,0.2091,"SELECT CUSTOM SOLUTIONS, LLC","LA CROSSE, WI",BATORY FOODS,"WILMINGTON, IL",RYNE BANDOLIK,,2026-02-09 11:41:00 UTC,300,318,02/12/26,54603,60481
true,RELEASED,12711,FTL,FR-108800,POD RCVD FAK,B,THE ROYAL GROUP,PYH EXPRESS INC,825.0,625.0,200.0,0.2424,THE ROYAL GROUP,"CICERO, IL",PROCON-LITTLE CHUTE,"LITTLE CHUTE, WI",RYNE BANDOLIK,arciev1,2026-02-09 11:00:00 UTC,190,207,02/10/26,60804,54140
true,RELEASED,12712,FTL,FR-108801,POD RCVD - FAK,B,THE ROYAL GROUP,BK DELIVERY EXPRESS INC,1500.0,1100.0,400.0,0.2667,TRG WAREHOUSE,"CICERO, IL",GPI NEWTON,"NEWTON, IA",RYNE BANDOLIK,arciev1,2026-02-09 18:49:00 UTC,291,297,02/10/26,60804,50208
false,RELEASED,12713,FTL,201091322,POD RCVD - PALLETS,I,BATORY FOODS,IVAN CARTAGE CO,645.48,0.0,645.48,1.0,BATORY'S OAKLEY CHICAGO,"CHICAGO, IL",O'BYRNE PALERMO'S,"MILWAUKEE, WI",IVAN CARTAGE CO,arciev1,2026-02-10 12:06:55 UTC,107,107,02/06/26,60609,53225
false,RELEASED,12714,TL,201506880,POD RCVD - PALLET,I,BATORY FOODS,IVAN CARTAGE CO,648.24,0.0,648.24,1.0,BATORY'S OAKLEY CHICAGO,"CHICAGO, IL",DENALI-CALHOUN,"NEW BERLIN, WI",IVAN CARTAGE CO,arciev1,2026-02-10 12:30:48 UTC,101,101,02/06/26,60609,53151
false,RELEASED,12715,FTL,60113169614,POD RCVD - FAK,I,PRIORITY 1 INC,IVAN CARTAGE CO,150.0,0.0,150.0,1.0,Custom Creations,"RACINE, WI",BOOMERANG EXHIBITS,"CHICAGO, IL",RUBEN VARGAS,arciev1,2026-02-10 12:35:25 UTC,67,67,02/04/26,53403,60641-1905
false,RELEASED,12716,TL,201702756,POD RCVD - SKID,I,BATORY FOODS,IVAN CARTAGE CO,498.92,0.0,498.92,1.0,BATORY'S OAKLEY CHICAGO,"CHICAGO, IL",OLDS PRODUCTS,"PLEASANT PRAIRIE, WI",IVAN CARTAGE CO,,2026-02-10 12:40:36 UTC,63,63,02/09/26,60609,53158
false,RELEASED,12717,TL,201507224,POD RCVD - PALLET,I,BATORY FOODS,IVAN CARTAGE CO,647.3,0.0,647.3,1.0,BATORY'S OAKLEY CHICAGO,"CHICAGO, IL",DENALI-CALHOUN,"NEW BERLIN, WI",IVAN CARTAGE CO,arciev1,2026-02-10 12:43:46 UTC,101,101,02/06/26,60609,53151
false,RELEASED,12718,TL,201747127,POD RCVD - PALLET,I,BATORY FOODS,IVAN CARTAGE CO,493.4,0.0,493.4,1.0,BATORY'S OAKLEY CHICAGO,"CHICAGO, IL",EAGLE FOODS,"WAUKEGAN, IL",IVAN CARTAGE CO,arciev1,2026-02-10 12:47:23 UTC,56,56,02/09/26,60609,60087
false,RELEASED,12719,TL,201744814,POD RCVD - PALLET,B,BATORY FOODS,SJT TRUCKING INC,493.4,425.0,68.4,0.1386,BATORY'S OAKLEY CHICAGO,"CHICAGO, IL",EAGLE FOODS,"WAUKEGAN, IL",RYNE BANDOLIK,arciev1,2026-02-10 11:52:00 UTC,45,53,02/10/26,60609,60087
false,RELEASED,12720,TL,201451555,POD RCVD - PALLET,B,BATORY FOODS,PYH EXPRESS INC,843.4,550.0,293.4,0.3479,BATORY'S OAKLEY CHICAGO,"CHICAGO, IL",BELL LABORATORIES,"WINDSOR, WI",RYNE BANDOLIK,arciev1,2026-02-10 13:26:00 UTC,153,159,02/11/26,60609,53598
false,RELEASED,12721,FTL,TR-0001958256-01,POD RCVD - FAK,I,TAB LLC,IVAN CARTAGE CO,400.0,0.0,400.0,1.0,IM142 MILWAUKEE WI,"MILWAUKEE, WI",IM135 ELK GROVE G,"ELK GROVE VILLAGE, IL",IVAN CARTAGE CO,,2026-02-10 18:33:17 UTC,77,77,02/09/26,53221,60007
false,RELEASED,12722,FTL,201684078,POD RCVD - FAK,I,FIVE STAR LOGISTICS,IVAN CARTAGE CO,485.0,0.0,485.0,1.0,RADIUS PACKAGING,"MILWAUKEE, WI",THE CARY COMPANY,"ADDISON, IL",IVAN CARTAGE CO,,2026-02-10 18:41:08 UTC,92,92,02/05/26,53227,60101-4303
false,RELEASED,12723,FTL,64197,POD RCVD - FAK,I,GO TRANSPORTATION,IVAN CARTAGE CO,400.0,0.0,400.0,1.0,KEYSTONE DISPLAY,"HEBRON, IL",BRIDGFORD FOODS 44TH,"CHICAGO, IL",IVAN CARTAGE CO,,2026-02-10 18:46:01 UTC,81,81,02/09/26,60034-8869,60609-3333
false,RELEASED,12726,FTL,201638933,FAK,B,BATORY FOODS,"LANDSTAR RANGER, INC.",1080.18,900.0,180.18,0.1668,INGREDION,"CHICAGO, IL",HOLMEN CHEESE LLC,"HOLMEN, WI",RYNE BANDOLIK,,2026-02-10 11:34:00 UTC,292,296,02/12/26,60617,54636
false,RELEASED,12727,STRA,FR-108816,POD RCVD - SKID,B,THE ROYAL GROUP,SHERIFAJ TRUCKING INC,395.0,250.0,145.0,0.3671,TRG WAREHOUSE,"CICERO, IL",SUSHI BOX,"CHICAGO, IL",RYNE BANDOLIK,,2026-02-10 12:49:00 UTC,11,17,02/11/26,60804,60657
true,RELEASED,12728,V,Transaction ID - R46661,POD SCALE RCVD,B,AG POLYMERS,KOLEV ENTERPRISE INC,485.0,400.0,85.0,0.1753,Logo Van Dyke,"PLAINFIELD, IL",CU PLASTICS,"ROCHELLE, IL",PERLA LOPEZ,,2026-02-11 05:37:08 UTC,62,62,02/12/26,60544,61068
false,RELEASED,12729,TL,201506882,POD RCVD - PALLET,I,BATORY FOODS,IVAN CARTAGE CO,647.3,0.0,647.3,1.0,BATORY'S OAKLEY CHICAGO,"CHICAGO, IL",DENALI-CALHOUN,"NEW BERLIN, WI",IVAN CARTAGE CO,arciev1,2026-02-11 12:26:27 UTC,101,101,02/09/26,60609,53151
false,RELEASED,12730,FTL,201090287,POD RCVD - PALLETS,I,BATORY FOODS,IVAN CARTAGE CO,645.42,0.0,645.42,1.0,BATORY'S OAKLEY CHICAGO,"CHICAGO, IL",DENALI-RYERSON,"NEW BERLIN, WI",IVAN CARTAGE CO,,2026-02-11 12:28:39 UTC,101,101,02/10/26,60609,53151
false,RELEASED,12731,TL,201744812,POD RCVD - PALLET,I,BATORY FOODS,IVAN CARTAGE CO,493.4,0.0,493.4,1.0,BATORY'S OAKLEY CHICAGO,"CHICAGO, IL",EAGLE FOODS,"WAUKEGAN, IL",IVAN CARTAGE CO,arciev1,2026-02-11 12:30:52 UTC,56,56,02/10/26,60609,60087
true,RELEASED,12732,LTL,4506108471,POD RCVD - FAK,B,THE ROYAL GROUP,ECHO GLOBAL LOGISTICS,1050.0,391.32,658.68,0.6273,Gencorr packaging,"ALSIP, IL",GPI NEWTON,"NEWTON, IA",RYNE BANDOLIK,arciev1,2026-02-11 13:34:24 UTC,303,303,02/11/26,60803,50208-1845
true,RELEASED,12733,FTL,FR-406427,POD RCVD - FAK,B,THE ROYAL GROUP,ECHO GLOBAL LOGISTICS,995.0,215.6,779.4,0.7833,THE ROYAL GROUP,"ADDISON, IL",GPI NEWTON,"NEWTON, IA",RYNE BANDOLIK,arciev1,2026-02-11 14:47:48 UTC,291,291,02/11/26,60101,50208
false,RELEASED,12734,FTL,294404,POD RCVD - FAK,I,GTI USA INC,IVAN CARTAGE CO,500.0,0.0,500.0,1.0,"CARGILL, INCORPORATED","MILWAUKEE, WI",ACE HARDWARE CORPORATION,"MCHENRY, IL",IVAN CARTAGE CO,,2026-02-11 09:59:00 UTC,59,63,02/13/26,53207,60050
false,RELEASED,12735,FTL,0256778,POD RCVD - FAK,I,BRIDGE LOGISTICS,IVAN CARTAGE CO,400.0,0.0,400.0,1.0,MAJIC PLASTICS,"MILWAUKEE, WI",ANTEK MADISON PLASTICS USA,"CHICAGO, IL",IVAN CARTAGE CO,arciev1,2026-02-11 15:23:28 UTC,110,110,02/13/26,53218,60619
false,RELEASED,12768,TL,6315458,POD RCVD - FAK,I,SUNSET TRANSPORTATION,IVAN CARTAGE CO,400.0,0.0,400.0,1.0,FOOD INGREDIENTS INC,"WAUKESHA, WI",ACACIA ROH I/B,"WAUKEGAN, IL",IVAN CARTAGE CO,,2026-02-11 18:11:38 UTC,96,96,02/10/26,53188,60087
false,RELEASED,12769,FTL,0529997,POD RCVD - FAK,I,ACTION ENTERPRISE LOGISTICS,IVAN CARTAGE CO,250.0,0.0,250.0,1.0,MIRO MANUFACTURING INC,"WAUKESHA, WI","WAUKESHA, WI - BADGER DR (CPS)","WAUKESHA, WI",IVAN CARTAGE CO,arciev1,2026-02-11 18:14:53 UTC,6,6,02/10/26,53186-5971,53188
true,RELEASED,12770,FT,679791,POD RCVD - SALT,B,XYNYTH MANUFACTURING CORP.,LYNFOX FREIGHT SYSTEM,4000.0,3839.91,160.09,0.04,CSR PARTNERS,"DAVIDSON, SK",BROOKLYN SHIP YARD,"BROOKLYN, NY",BRANDON KING,,2026-02-11 18:17:31 UTC,,,02/17/26,,
true,RELEASED,12784,FTL,22530909,POD RCVD - TOTES,B,"DANISCO US, INC.",WINDY CITY CARRIERS INC,1050.0,900.0,150.0,0.1429,MRS - WORLEY WAREHOUSING,"CEDAR RAPIDS, IA",DANISCO US INC WISCONSIN,"BELOIT, WI",RYNE BANDOLIK,arciev1,2026-02-11 15:35:00 UTC,160,162,02/13/26,52404,53511
true,RELEASED,12790,V,S30252,POD SCALE RCVD,B,AG POLYMERS,KOLEV ENTERPRISE INC,545.0,450.0,95.0,0.1743,CU PLASTICS,"ROCHELLE, IL",Logo Van Dyke,"PLAINFIELD, IL",PERLA LOPEZ,,2026-02-11 22:41:06 UTC,62,62,02/13/26,61068,60544
true,RELEASED,12791,FTL,FR-108844-1,POD RCVD - FAK,B,THE ROYAL GROUP,SHERIF LOGISTICS LLC,1500.0,1100.0,400.0,0.2667,TRG WAREHOUSE,"CICERO, IL",GPI NEWTON,"NEWTON, IA",RYNE BANDOLIK,arciev1,2026-02-11 22:20:00 UTC,291,297,02/12/26,60804,50208
true,RELEASED,12792,FTL,FR-108844-2,POD RCVD - FAK,B,THE ROYAL GROUP,"LANDSTAR RANGER, INC.",1500.0,1100.0,400.0,0.2667,TRG WAREHOUSE,"CICERO, IL",GPI NEWTON,"NEWTON, IA",RYNE BANDOLIK,arciev1,2026-02-11 22:20:00 UTC,291,297,02/12/26,60804,50208
false,RELEASED,12798,LTL,,POD RCVD - FAK,I,C.W.I. DISPLAYS CORP,IVAN CARTAGE CO,300.0,0.0,300.0,1.0,INNOVATIVE DRAGON (WAUKESHA),"WAUKESHA, WI",CWI,"BEDFORD PARK, IL",IVAN CARTAGE CO,,2026-02-12 03:42:47 UTC,,,02/11/26,53189,
false,RELEASED,12799,FTL,201085957,POD RCVD - PALL,I,BATORY FOODS,IVAN CARTAGE CO,655.14,0.0,655.14,1.0,BATORY'S OAKLEY CHICAGO,"CHICAGO, IL",DENALI-RYERSON,"JANESVILLE, WI",IVAN CARTAGE CO,,2026-02-12 11:58:27 UTC,113,113,02/10/26,60609,53546
false,RELEASED,12800,TL,201722161,POD RCVD - PALLET,I,BATORY FOODS,IVAN CARTAGE CO,493.4,0.0,493.4,1.0,BATORY'S OAKLEY CHICAGO,"CHICAGO, IL",EAGLE FOODS,"WAUKEGAN, IL",IVAN CARTAGE CO,arciev1,2026-02-12 12:01:52 UTC,56,56,02/11/26,60609,60087
false,RELEASED,12801,TL,,POD RCVD - SKIDS,I,BULK SYSTEMS,IVAN CARTAGE CO,575.0,0.0,575.0,1.0,IFF - GENECOR,"BELOIT, WI",ROJAC,"UNION GROVE, WI",IVAN CARTAGE CO,rominac1,2026-02-12 12:05:06 UTC,54,54,02/11/26,53511,53182
true,RELEASED,12802,TL,,POD RCVD - PALLET,I,CARLYN DAIRY PRODUCTS,IVAN CARTAGE CO,721.87,0.0,721.87,1.0,CARLYN DAIRY PRODUCTS,"MUNDELEIN, IL",CEDAR CREST ICE CREAM,"MANITOWOC, WI",IVAN CARTAGE CO,arciev1,2026-02-12 12:07:09 UTC,137,137,02/11/26,60060,54220
true,RELEASED,12804,FTL,FR-108844-3,POD RCVD - FAK,B,THE ROYAL GROUP,ROAD RUNNERS EXPRESS LLC,1500.0,1050.0,450.0,0.3,TRG WAREHOUSE,"CICERO, IL",GPI NEWTON,"NEWTON, IA",RYNE BANDOLIK,arciev1,2026-02-12 14:33:00 UTC,291,297,02/13/26,60804,50208
true,RELEASED,12805,FTL,FR-108844-4,POD RCVD - FAK,B,THE ROYAL GROUP,STAR TRUCKING LLC,1500.0,1075.0,425.0,0.2833,TRG WAREHOUSE,"CICERO, IL",GPI NEWTON,"NEWTON, IA",RYNE BANDOLIK,arciev1,2026-02-12 14:35:00 UTC,291,297,02/13/26,60804,50208
false,RELEASED,12809,FTL,201271695,POD RCVD - FAK,I,BATORY FOODS,IVAN CARTAGE CO,648.24,0.0,648.24,1.0,BATORY'S OAKLEY CHICAGO,"CHICAGO, IL",DENALI-LIDNER,"WAUKESHA, WI",IVAN CARTAGE CO,arciev1,2026-02-13 12:04:46 UTC,109,109,02/12/26,60609,53186
false,RELEASED,12810,TL,201507225,POD RCVD - PALLET,I,BATORY FOODS,IVAN CARTAGE CO,648.24,0.0,648.24,1.0,BATORY'S OAKLEY CHICAGO,"CHICAGO, IL",DENALI-CALHOUN,"NEW BERLIN, WI",IVAN CARTAGE CO,arciev1,2026-02-13 12:07:56 UTC,101,101,02/11/26,60609,53151
false,RELEASED,12811,FTL,990645,POD RCVD - FAK,I,"ICAT LOGISTICS, INC. - ORD",IVAN CARTAGE CO,500.0,0.0,500.0,1.0,INNOVATIVE DRAGON,"WAUKESHA, WI",CHAMPION,"NORTHLAKE, IL",IVAN CARTAGE CO,,2026-02-13 12:17:33 UTC,97,97,02/10/26,53189,60164-2349
false,RELEASED,12812,FTL,127640745,POD RCVD - FAK,I,INTEGRATED CONNECTION (TSM),IVAN CARTAGE CO,500.0,0.0,500.0,1.0,KENOSHA,"PLEASANT PRAIRIE, WI",TONY'S FIN,"ITASCA, IL",IVAN CARTAGE CO,,2026-02-13 12:23:31 UTC,54,54,02/13/26,53158,60143
true,RELEASED,12813,FTL,FR-108844-5,POD RCVD - FAK,B,THE ROYAL GROUP,"LANDSTAR RANGER, INC.",1500.0,1100.0,400.0,0.2667,TRG WAREHOUSE,"CICERO, IL",GPI NEWTON,"NEWTON, IA",RYNE BANDOLIK,arciev1,2026-02-13 09:26:00 UTC,291,297,02/13/26,60804,50208
true,RELEASED,12814,R,4502606384,POD RCVD - TOTES,B,"DANISCO US, INC.",ELGON LOGISTICS LLC,850.0,800.0,50.0,0.0588,IFF - GENECOR,"BELOIT, WI",IFF- CEDAR RAPIDS,"CEDAR RAPIDS, IA",RYNE BANDOLIK,arciev1,2026-02-13 09:45:00 UTC,160,162,02/16/26,53511,52404
true,RELEASED,12815,R,4502606388,POD RCVD - TOTES,B,"DANISCO US, INC.","SPOERL TRUCKING, INC.",850.0,800.0,50.0,0.0588,IFF - GENECOR,"BELOIT, WI",MRS - WORLEY WAREHOUSING,"CEDAR RAPIDS, IA",RYNE BANDOLIK,arciev1,2026-02-13 05:46:00 UTC,160,162,02/17/26,53511,52404
false,RELEASED,12816,FTL,10417,POD RCVD - FAK,I,FLASH FORWARD FREIGHT,IVAN CARTAGE CO,700.0,0.0,700.0,1.0,DISPATCH,"CHILTON, WI",MATRIXX WAREHOUSE,"BRIDGEVIEW, IL",IVAN CARTAGE CO,rominac1,2026-02-16 12:11:29 UTC,174,174,02/11/26,53014,60455
false,RELEASED,12817,FTL,201506883,POD RCVD - PALL,I,BATORY FOODS,IVAN CARTAGE CO,647.3,0.0,647.3,1.0,BATORY'S OAKLEY CHICAGO,"CHICAGO, IL",DENALI-RYERSON,"NEW BERLIN, WI",IVAN CARTAGE CO,,2026-02-16 12:21:16 UTC,101,101,02/13/26,60609,53151-3519
false,RELEASED,12818,FTL,201502482,POD RCVD - PALLETS,I,BATORY FOODS,IVAN CARTAGE CO,645.48,0.0,645.48,1.0,BATORY'S OAKLEY CHICAGO,"CHICAGO, IL",THE MASTERSON CO,"MILWAUKEE, WI",IVAN CARTAGE CO,arciev1,2026-02-16 12:26:58 UTC,95,95,02/13/26,60609,53215
false,RELEASED,12819,FTL,2218782,POD RCVD - PALLETS,I,FITZMARK,IVAN CARTAGE CO,350.0,0.0,350.0,1.0,STONECASTERS - HENRI STUDIO,"WAUCONDA, IL",Lurveys Garden Center,"DES PLAINES, IL",RUBEN VARGAS,arciev1,2026-02-16 14:44:28 UTC,22,22,02/16/26,60084,60016-5303
true,RELEASED,12820,V,,POD RCVD - FAK,B,MEREDITH OPERATIONS CORP,EMPIRE NATIONAL INC.,1512.5,1200.0,312.5,0.2066,QUAD GRAPHICS,"SUSEX, WI",BLOOMBERG BUSINESSWEEK,"NEW YORK, NY",RYNE BANDOLIK,arciev1,2026-02-16 05:43:00 UTC,899,916,02/20/26,53089,10022
false,RELEASED,12821,TL,201506885,POD RCVD - PALLET,B,BATORY FOODS,PYH EXPRESS INC,647.3,500.0,147.3,0.2276,BATORY'S OAKLEY CHICAGO,"CHICAGO, IL",DENALI-CALHOUN,"NEW BERLIN, WI",RYNE BANDOLIK,arciev1,2026-02-16 10:52:00 UTC,93,102,02/17/26,60609,53151
true,RELEASED,12822,V,6582237,POD RCVD - SALT,B,XYNYTH MANUFACTURING CORP.,MESSENGER FREIGHT SYSTEMS,2312.0,1953.0,359.0,0.1553,PARTNER INDUSTRIES,"DAVIDSON, SK",NEILL CARTAGE,"BERKELEY, IL",BRANDON KING,,2026-02-16 12:03:00 UTC,,,02/17/26,,60163
true,RELEASED,12823,FTL,FR-108882-1,POD RCVD - FAK,B,THE ROYAL GROUP,IVAN CARTAGE CO,1500.0,600.0,900.0,0.6,TRG WAREHOUSE,"CHICAGO, IL",GPI NEWTON,"NEWTON, IA",RYNE BANDOLIK,arciev1,2026-02-16 20:22:31 UTC,294,294,02/16/26,60644,50208
true,RELEASED,12824,FTL,FR-108882-2,POD RCVD - FAK,B,THE ROYAL GROUP,"LANDSTAR RANGER, INC.",1500.0,1100.0,400.0,0.2667,TRG WAREHOUSE,"CHICAGO, IL",GPI NEWTON,"NEWTON, IA",RYNE BANDOLIK,arciev1,2026-02-16 10:24:00 UTC,291,294,02/17/26,60644,50208
false,RELEASED,12825,FTL,2165107 TONU,FAK,I,PLATINUM CARGO LOGISTICS INC.,IVAN CARTAGE CO,150.0,0.0,150.0,1.0,HADER-SEITZ,"NEW BERLIN, WI",BALEMASTER,"CROWN POINT, IN",RUBEN VARGAS,,2026-02-16 20:35:53 UTC,150,150,02/12/26,53151,46307-2732
false,RELEASED,12826,TL,201506884,POD RCVD - PALLET,I,BATORY FOODS,IVAN CARTAGE CO,648.24,0.0,648.24,1.0,BATORY'S OAKLEY CHICAGO,"CHICAGO, IL",DENALI-CALHOUN,"NEW BERLIN, WI",IVAN CARTAGE CO,arciev1,2026-02-17 12:09:31 UTC,101,101,02/16/26,60609,53151
false,RELEASED,12827,TL,201722162,POD RCVD - PALLET,I,BATORY FOODS,IVAN CARTAGE CO,493.4,0.0,493.4,1.0,BATORY'S OAKLEY CHICAGO,"CHICAGO, IL",EAGLE FOODS,"WAUKEGAN, IL",IVAN CARTAGE CO,arciev1,2026-02-17 12:11:49 UTC,56,56,02/16/26,60609,60087
true,RELEASED,12828,V,43495134,POD RCVD - TOTES,B,"DANISCO US, INC.",BAKKER TRANSPORT INC,2250.0,2000.0,250.0,0.1111,IFF - GENECOR,"BELOIT, WI",POET BIOREFINING,"CHANCELLOR, SD",RYNE BANDOLIK,arciev1,2026-02-17 09:34:00 UTC,473,507,02/19/26,53511,57015
true,RELEASED,12829,R,4502606386,POD RCVD - TOTES,B,"DANISCO US, INC.","MATT HENNINGS TRUCKING, INC.",850.0,800.0,50.0,0.0588,IFF - GENECOR,"BELOIT, WI",MRS - WORLEY WAREHOUSING,"CEDAR RAPIDS, IA",RYNE BANDOLIK,arciev1,2026-02-17 10:27:00 UTC,160,162,02/18/26,53511,52404
false,RELEASED,12830,FTL,201726470,POD RCVD - FAK,B,BATORY FOODS,PYH EXPRESS INC,945.25,550.0,395.25,0.4181,BATORY FOODS WILMINGTON,"WILMINGTON, IL",BELL,"WINDSOR, WI",RYNE BANDOLIK,arciev1,2026-02-17 11:39:00 UTC,172,189,02/18/26,60481,53598
true,RELEASED,12831,V,679846,POD RCVD - SALT,B,XYNYTH MANUFACTURING CORP.,GOLDEN EAGLE TRANSPORT INC,2525.0,2425.0,100.0,0.0396,PARTNER INDUSTRIES,"DAVIDSON, SK",Choctaw Kaul Dist Bloomington,"BLOOMINGTON, IL",BRANDON KING,,2026-02-17 18:11:20 UTC,,,02/18/26,,61701
true,RELEASED,12832,FTL,FR-108882-3,POD RCVD - FAK,B,THE ROYAL GROUP,"MAB 2 TRUCKING, INC.",1500.0,1150.0,350.0,0.2333,TRG WAREHOUSE,"CICERO, IL",GPI NEWTON,"NEWTON, IA",RYNE BANDOLIK,arciev1,2026-02-17 13:12:00 UTC,291,297,02/17/26,60804,50208
false,RELEASED,12833,FTL,2817814,POD RCVD - FAK,I,BECKER LOGISTICS INC,IVAN CARTAGE CO,1000.0,0.0,1000.0,1.0,EXCHANGE OSW URBANDALE,"URBANDALE, IA",PEPSI-PLEASANT PRAIRIE,"PLEASANT PRAIRIE, WI",IVAN CARTAGE CO,arciev1,2026-02-17 18:34:28 UTC,380,380,02/17/26,50323-2817,53158-2226
true,RELEASED,12835,FTL,P60737-F2,POD RCVD - MOLDED PULP,B,DANDEE PALLET AND PACKAGING,GRACE STAR TRUCKING INC,1050.0,750.0,300.0,0.2857,ENVIROPAK,"EARTH CITY, MO",DANDEE PALLET AND PACKAGING,"WEST CHICAGO, IL",RYNE BANDOLIK,arciev1,2026-02-17 16:04:00 UTC,287,303,02/18/26,63045,60185
true,RELEASED,12837,FTL,FR-108915,POD RCVD - FAK,B,THE ROYAL GROUP,LAMA TRUCKING INC,1500.0,1250.0,250.0,0.1667,TRG WAREHOUSE,"CHICAGO, IL",GPI NEWTON,"NEWTON, IA",RYNE BANDOLIK,arciev1,2026-02-17 17:29:00 UTC,291,294,02/18/26,60644,50208
false,RELEASED,12838,FTL,201085958,POD RCVD - PALL,I,BATORY FOODS,IVAN CARTAGE CO,651.87,0.0,651.87,1.0,BATORY'S OAKLEY CHICAGO,"CHICAGO, IL","PHELPS INDUSTRIES, LLC","JANESVILLE, WI",IVAN CARTAGE CO,,2026-02-18 12:19:44 UTC,113,113,02/16/26,60609,53546
false,RELEASED,12839,TL,,POD RCVD - SKIDS,I,BULK SYSTEMS,IVAN CARTAGE CO,575.0,0.0,575.0,1.0,IFF - GENECOR,"BELOIT, WI",ROJAC,"UNION GROVE, WI",IVAN CARTAGE CO,rominac1,2026-02-18 12:23:20 UTC,54,54,02/17/26,53511,53182
false,RELEASED,12840,FTL,,POD RCVD - PALLETS,I,BULK SYSTEMS,IVAN CARTAGE CO,400.0,0.0,400.0,1.0,ROJAC,"UNION GROVE, WI",BULK SYSTEMS,"HAMPSHIRE, IL",IVAN CARTAGE CO,,2026-02-18 12:25:15 UTC,95,95,02/17/26,53182,60140
false,RELEASED,12841,FTL,201974018,POD RCVD - PALLETS,I,BATORY FOODS,IVAN CARTAGE CO,651.0,0.0,651.0,1.0,BATORY FOODS WILMINGTON,"WILMINGTON, IL","CROWN BAKERIES, PLEASANT PRAIR","PLEASANT PRAIRIE, WI",IVAN CARTAGE CO,arciev1,2026-02-18 12:27:12 UTC,104,104,02/17/26,60481,53158
false,RELEASED,12842,FTL,1028938,PALLET,I,CARLYN DAIRY PRODUCTS,IVAN CARTAGE CO,316.41,0.0,316.41,1.0,CARLYN DAIRY PRODUCTS,"MUNDELEIN, IL",FURLANI FOODS,"OAK CREEK, WI",RYNE BANDOLIK,arciev1,2026-02-18 12:29:10 UTC,50,50,02/17/26,60060,53154
false,RELEASED,12843,TL,201722165,POD RCVD - PALLET,I,BATORY FOODS,IVAN CARTAGE CO,493.4,0.0,493.4,1.0,BATORY'S OAKLEY CHICAGO,"CHICAGO, IL",EAGLE FOODS,"WAUKEGAN, IL",IVAN CARTAGE CO,arciev1,2026-02-18 12:31:04 UTC,56,56,02/17/26,60609,60087
true,RELEASED,12844,FTL,4502607559,POD RCVD - TOTES,B,"DANISCO US, INC.","MATT HENNINGS TRUCKING, INC.",850.0,800.0,50.0,0.0588,IFF - GENECOR,"BELOIT, WI",MRS - WORLEY WAREHOUSING,"CEDAR RAPIDS, IA",RYNE BANDOLIK,arciev1,2026-02-18 10:02:00 UTC,160,162,02/20/26,53511,52404
false,RELEASED,12845,TL,201670962,POD RCVD - PALLET,B,BATORY FOODS,PYH EXPRESS INC,647.3,450.0,197.3,0.3048,BATORY'S OAKLEY CHICAGO,"CHICAGO, IL",O'BYRNE MILWAUKEE,"MILWAUKEE, WI",RYNE BANDOLIK,arciev1,2026-02-18 15:04:14 UTC,107,107,02/18/26,60609,53225
true,RELEASED,12846,R,4502607639,POD RCVD - TOTES,B,"DANISCO US, INC.",ELGON LOGISTICS LLC,850.0,800.0,50.0,0.0588,IFF - GENECOR,"BELOIT, WI",MRS - WORLEY WAREHOUSING,"CEDAR RAPIDS, IA",RYNE BANDOLIK,arciev1,2026-02-18 12:04:00 UTC,160,162,02/23/26,53511,52404
true,RELEASED,12847,FTL,FR-108915-2,POD RCVD - FAK,B,THE ROYAL GROUP,LAMA TRUCKING INC,1500.0,1100.0,400.0,0.2667,GPI NEWTON,"NEWTON, IA",THE ROYAL GROUP,"CICERO, IL",RYNE BANDOLIK,arciev1,2026-02-18 14:32:00 UTC,291,297,02/18/26,50208,60804
false,RELEASED,12850,FTL,202058384,POD RCVD - PALLETS,I,BATORY FOODS,IVAN CARTAGE CO,646.36,0.0,646.36,1.0,BATORY'S OAKLEY CHICAGO,"CHICAGO, IL",THE MASTERSON CO,"MILWAUKEE, WI",IVAN CARTAGE CO,arciev1,2026-02-19 12:39:38 UTC,95,95,02/18/26,60609,53215
false,RELEASED,12851,TL,201722166,POD RCVD - PALLET,I,BATORY FOODS,IVAN CARTAGE CO,493.8,0.0,493.8,1.0,BATORY'S OAKLEY CHICAGO,"CHICAGO, IL",EAGLE FOODS,"WAUKEGAN, IL",IVAN CARTAGE CO,arciev1,2026-02-19 12:44:05 UTC,56,56,02/18/26,60609,60087
false,RELEASED,12852,TL,201507226,POD RCVD - PALLET,I,BATORY FOODS,IVAN CARTAGE CO,649.18,0.0,649.18,1.0,BATORY'S OAKLEY CHICAGO,"CHICAGO, IL",DENALI-CALHOUN,"NEW BERLIN, WI",IVAN CARTAGE CO,arciev1,2026-02-19 12:47:01 UTC,101,101,02/18/26,60609,53151
false,RELEASED,12854,LTL,,POD RCVD - FAK,I,C.W.I. DISPLAYS CORP,IVAN CARTAGE CO,300.0,0.0,300.0,1.0,INNOVATIVE DRAGON (WAUKESHA),"WAUKESHA, WI",CWI,"BEDFORD PARK, IL",IVAN CARTAGE CO,,2026-02-20 03:34:03 UTC,,,02/17/26,53189,
false,RELEASED,12855,FTL,201085959,POD RCVD - PALL,I,BATORY FOODS,IVAN CARTAGE CO,656.23,0.0,656.23,1.0,BATORY'S OAKLEY CHICAGO,"CHICAGO, IL","PHELPS INDUSTRIES, LLC","JANESVILLE, WI",IVAN CARTAGE CO,,2026-02-20 12:03:11 UTC,113,113,02/19/26,60609,53546
false,RELEASED,12856,TL,201786386,POD RCVD - SKID,I,BATORY FOODS,IVAN CARTAGE CO,499.44,0.0,499.44,1.0,BATORY'S OAKLEY CHICAGO,"CHICAGO, IL",OLDS PRODUCTS,"PLEASANT PRAIRIE, WI",IVAN CARTAGE CO,,2026-02-20 12:08:41 UTC,63,63,02/19/26,60609,53158
false,RELEASED,12857,TL,,POD RCVD - SKIDS,I,BULK SYSTEMS,IVAN CARTAGE CO,575.0,0.0,575.0,1.0,IFF - GENECOR,"BELOIT, WI",ROJAC,"UNION GROVE, WI",IVAN CARTAGE CO,rominac1,2026-02-20 12:55:52 UTC,54,54,02/19/26,53511,53182
false,RELEASED,12858,FTL,,POD RCVD - PALLETS,I,BULK SYSTEMS,IVAN CARTAGE CO,400.0,0.0,400.0,1.0,ROJAC,"UNION GROVE, WI",BULK SYSTEMS,"HAMPSHIRE, IL",IVAN CARTAGE CO,,2026-02-20 12:57:39 UTC,95,95,02/19/26,53182,60140
true,RELEASED,12859,LTL,FR-406527,POD RCVD - FAK,B,THE ROYAL GROUP,ECHO GLOBAL LOGISTICS,995.0,215.6,779.4,0.7833,THE ROYAL GROUP,"ADDISON, IL",GPI NEWTON,"NEWTON, IA",,arciev1,2026-02-20 16:10:46 UTC,291,291,02/20/26,60101,50208
false,RELEASED,12860,FTL,202403174,POD RCVD - PALLETS,B,BATORY FOODS,"PRIDE USA, INC.",652.0,500.0,152.0,0.2331,BATORY FOODS WILMINGTON,"WILMINGTON, IL","CROWN BAKERIES, PLEASANT PRAIR","PLEASANT PRAIRIE, WI",BCAT,arciev1,2026-02-20 19:04:31 UTC,104,104,02/23/26,60481,53158
false,RELEASED,12861,FTL,35603729,POD RCVD - FAK,I,TOTAL QUALITY LOGISTICS,IVAN CARTAGE CO,450.0,0.0,450.0,1.0,PU,"PLEASANT PRAIRIE, WI","","ELMWOOD PARK, IL",,arciev1,2026-02-20 19:10:55 UTC,51,51,02/18/26,53158,60707
true,RELEASED,12862,FTL,FR-108997,POD RCVD - FAK,B,THE ROYAL GROUP,TEX-LA LOGISTICS INC,1500.0,1225.0,275.0,0.1833,THE ROYAL GROUP - CICERO 47TH,"CHICAGO, IL",GPI NEWTON,"NEWTON, IA",RYNE BANDOLIK,arciev1,2026-02-20 12:35:00 UTC,291,294,02/23/26,60644,50208
false,RELEASED,12863,FTL,FR-108997-2,POD RCVD - FAK,B,THE ROYAL GROUP,"LANDSTAR RANGER, INC.",1675.0,1222.5,452.5,0.2701,THE ROYAL GROUP - CICERO 47TH,"CHICAGO, IL",GPI NEWTON,"NEWTON, IA",RYNE BANDOLIK,arciev1,2026-02-22 12:14:00 UTC,291,294,02/23/26,60644,50208
false,RELEASED,12864,TL,201734965,POD RCVD - PALLET,I,BATORY FOODS,IVAN CARTAGE CO,493.8,0.0,493.8,1.0,BATORY'S OAKLEY CHICAGO,"CHICAGO, IL",EAGLE FOODS,"WAUKEGAN, IL",IVAN CARTAGE CO,arciev1,2026-02-23 13:07:35 UTC,56,56,02/20/26,60609,60087
true,RELEASED,12865,FTL,,POD RCVD - FAK,I,BULK SYSTEMS,IVAN CARTAGE CO,400.0,0.0,400.0,1.0,ROJAC,"UNION GROVE, WI",BULK SYSTEMS,"RACINE, WI",IVAN CARTAGE CO,arciev1,2026-02-23 13:10:45 UTC,14,14,02/20/26,53182,53406-5031
false,RELEASED,12866,FTL,0257499,POD RCVD - FAK,I,BRIDGE LOGISTICS,IVAN CARTAGE CO,400.0,0.0,400.0,1.0,MAJIC PLASTICS,"MILWAUKEE, WI",ANTEK MADISON PLASTICS USA,"CHICAGO, IL",RUBEN VARGAS,arciev1,2026-02-23 13:16:21 UTC,110,110,02/23/26,53218,60619
false,RELEASED,12867,FTL,260696911,POD RCVD - FAK,I,"KOALA LOGISTICS, LLC",IVAN CARTAGE CO,450.0,0.0,450.0,1.0,CH COAKLEY,"MILWAUKEE, WI","KOALA LOGISTICS, LLC","ELK GROVE VILLAGE, IL",IVAN CARTAGE CO,,2026-02-23 13:21:25 UTC,87,87,02/13/26,53212-1340,60007-5907
false,RELEASED,12868,FTL,0311124,POD RCVD - FAK,I,"BRENNY TRANSPORTATION, INC.",IVAN CARTAGE CO,375.0,0.0,375.0,1.0,A & E Cleaning & Grinding,"OAK CREEK, WI",Z & L MACHINING,"WAUKEGAN, IL",IVAN CARTAGE CO,,2026-02-23 13:27:09 UTC,45,45,02/18/26,53154,60085-4864
false,RELEASED,12869,FTL,8152531,POD RCVD - FAK,I,ALLEN LUND COMPANY,IVAN CARTAGE CO,500.0,0.0,500.0,1.0,HIGHLINE WARREN LLC,"MILWAUKEE, WI",MORRIS DRY #267 ,"MORRIS, IL",IVAN CARTAGE CO,,2026-02-23 13:34:46 UTC,144,144,02/16/26,53209-3125,60450-9463
false,RELEASED,12870,FTL,0257461,POD RCVD - FAK,I,BRIDGE LOGISTICS,IVAN CARTAGE CO,400.0,0.0,400.0,1.0,ELITE ENERGY,"BROOKFIELD, WI",CREATIVE METALS,"CHICAGO, IL",RUBEN VARGAS,arciev1,2026-02-23 13:37:39 UTC,115,115,02/20/26,53005,60632-3813
false,RELEASED,12872,FTL,202467204,POD RCVD - FAK,B,BATORY FOODS,DPW INC.,1009.42,800.0,209.42,0.2075,"KENCO LOGISTIC SERVICES, LLC","SHOREWOOD, IL",HOLMEN CHEESE LLC,"HOLMEN, WI",RYNE BANDOLIK,,2026-02-23 12:27:00 UTC,285,302,02/24/26,60404,54636
false,RELEASED,12873,FTL,1141429364,POD RCVD - PALLETS,I,BULK SYSTEMS,IVAN CARTAGE CO,400.0,0.0,400.0,1.0,ROJAC,"KENOSHA, WI",BULK SYSTEMS,"HAMPSHIRE, IL",IVAN CARTAGE CO,,2026-02-23 21:50:47 UTC,89,89,02/20/26,53142,60140
false,RELEASED,12877,FTL,201500355,POD RCVD - PALLETS,I,BATORY FOODS,IVAN CARTAGE CO,766.2,0.0,766.2,1.0,BATORY FOODS WILMINGTON,"WILMINGTON, IL",THE MASTERSON CO,"MILWAUKEE, WI",IVAN CARTAGE CO,arciev1,2026-02-24 12:03:22 UTC,135,135,02/20/26,60481,53215
false,RELEASED,12878,TL,201506886,POD RCVD - PALLET,I,BATORY FOODS,IVAN CARTAGE CO,647.3,0.0,647.3,1.0,BATORY'S OAKLEY CHICAGO,"CHICAGO, IL",DENALI-CALHOUN,"NEW BERLIN, WI",IVAN CARTAGE CO,arciev1,2026-02-24 12:06:55 UTC,101,101,02/20/26,60609,53151
false,RELEASED,12879,FTL,,POD RCVD - PALLETS,I,BULK SYSTEMS,IVAN CARTAGE CO,400.0,0.0,400.0,1.0,ROJAC,"KENOSHA, WI",BULK SYSTEMS,"HAMPSHIRE, IL",IVAN CARTAGE CO,,2026-02-24 12:09:10 UTC,89,89,02/23/26,53142,60140
false,RELEASED,12880,FTL,0257601,POD RCVD - FAK,I,BRIDGE LOGISTICS,IVAN CARTAGE CO,400.0,0.0,400.0,1.0,MAJIC PLASTICS,"MILWAUKEE, WI",ANTEK MADISON PLASTICS USA,"CHICAGO, IL",IVAN CARTAGE CO,arciev1,2026-02-24 12:13:13 UTC,110,110,02/26/26,53218,60619
true,RELEASED,12884,R,4502609416,POD RCVD - TOTES,B,"DANISCO US, INC.","MATT HENNINGS TRUCKING, INC.",850.0,800.0,50.0,0.0588,IFF - GENECOR,"BELOIT, WI",MRS - WORLEY WAREHOUSING,"CEDAR RAPIDS, IA",RYNE BANDOLIK,arciev1,2026-02-24 15:44:06 UTC,216,216,02/26/26,53511,52404
true,RELEASED,12885,R,4502609417,POD RCVD - TOTES,B,"DANISCO US, INC.","MATT HENNINGS TRUCKING, INC.",850.0,800.0,50.0,0.0588,IFF - GENECOR,"BELOIT, WI",MRS - WORLEY WAREHOUSING,"CEDAR RAPIDS, IA",RYNE BANDOLIK,arciev1,2026-02-24 15:45:28 UTC,216,216,02/26/26,53511,52404
false,RELEASED,12887,TL,201941338,POD RCVD - PALLET,B,BATORY FOODS,CES DEVELOPMENT INC,843.4,575.0,268.4,0.3182,BATORY'S OAKLEY CHICAGO,"CHICAGO, IL",DENALI-CALHOUN,"WINDSOR, WI",RYNE BANDOLIK,arciev1,2026-02-24 16:04:00 UTC,153,159,02/26/26,60609,53598
false,RELEASED,12888,LTL,,POD RCVD - FAK,I,C.W.I. DISPLAYS CORP,IVAN CARTAGE CO,300.0,0.0,300.0,1.0,INNOVATIVE DRAGON (WAUKESHA),"WAUKESHA, WI",CWI,"BEDFORD PARK, IL",,,2026-02-25 01:08:13 UTC,,,02/24/26,53189,
false,RELEASED,12889,TL,201725651,POD RCVD - PALLET,I,BATORY FOODS,IVAN CARTAGE CO,648.24,0.0,648.24,1.0,BATORY'S OAKLEY CHICAGO,"CHICAGO, IL",DENALI-CALHOUN,"NEW BERLIN, WI",IVAN CARTAGE CO,arciev1,2026-02-25 11:56:47 UTC,101,101,02/23/26,60609,53151
false,RELEASED,12890,TL,201734967,POD RCVD - PALLET,I,BATORY FOODS,IVAN CARTAGE CO,493.8,0.0,493.8,1.0,BATORY'S OAKLEY CHICAGO,"CHICAGO, IL",EAGLE FOODS,"WAUKEGAN, IL",IVAN CARTAGE CO,arciev1,2026-02-25 11:59:28 UTC,56,56,02/23/26,60609,60087
false,RELEASED,12891,FTL,1000958,POD RCVD - FAK,I,"NATIONWIDETRANSPORTSERVICES, L",IVAN CARTAGE CO,800.0,0.0,800.0,1.0,DAVID,"ROCKFORD, IL",REMED SERVICES,"SKOKIE, IL",IVAN CARTAGE CO,,2026-02-25 07:07:00 UTC,78,85,02/27/26,61104,60076
false,RELEASED,12892,TL,127638332,POD RCVD - FAK,I,PINNACLE FREIGHT SYSTEM,IVAN CARTAGE CO,300.0,0.0,300.0,1.0,MIDWEST REFRIGERATED SERVICES,"PLEASANT PRAIRIE, WI",PURATOS,"KENOSHA, WI",IVAN CARTAGE CO,,2026-02-25 12:09:10 UTC,7,7,02/25/26,53158-2413,53141
false,RELEASED,12893,FTL,5223405,POD RCVD - FAK,I,GRANE LOGISTICS EXPRESS,IVAN CARTAGE CO,600.0,0.0,600.0,1.0,LAKESIDE BOOK COMPANY,"APPLETON, WI",READERLINK,"FRANKLIN PARK, IL",,arciev1,2026-02-25 12:11:43 UTC,185,185,02/25/26,54915-9321,60131
true,RELEASED,12904,FTL,FR-109055,POD RCVD - FAK,B,THE ROYAL GROUP,"LANDSTAR RANGER, INC.",1500.0,1100.0,400.0,0.2667,THE ROYAL GROUP,"CHICAGO, IL",GPI NEWTON,"NEWTON, IA",RYNE BANDOLIK,arciev1,2026-02-25 04:09:00 UTC,291,294,02/26/26,60644,50208
false,RELEASED,12906,FTL,4321511,POD RCVD - FAK,I,"VISUAL PAK LOGISTICS, LLC",IVAN CARTAGE CO,400.0,0.0,400.0,1.0,BMC,"WAUKEGAN, IL",RJW - JOLIET,"JOLIET, IL",IVAN CARTAGE CO,,2026-02-25 15:03:39 UTC,81,81,02/20/26,60085,60436-8563
false,RELEASED,12908,FTL,CUSTOMER PAID,POD RCVD - FAK,B,E SURGICAL PARTS,CES DEVELOPMENT INC,700.0,500.0,200.0,0.2857,DAVID,"ROCKFORD, IL",REMED SERVICES,"SKOKIE, IL",RYNE BANDOLIK,,2026-02-25 15:29:00 UTC,78,85,02/25/26,61104,60076
true,RELEASED,12909,FTL,22539064,POD RCVD - TOTES,B,"DANISCO US, INC.","MATT HENNINGS TRUCKING, INC.",1050.0,800.0,250.0,0.2381,MIDWEST REFRIGERATED SERVICES,"BELOIT, WI",MRS - WORLEY WAREHOUSING,"CEDAR RAPIDS, IA",RYNE BANDOLIK,arciev1,2026-02-25 21:04:16 UTC,216,216,02/27/26,53511,52404
true,RELEASED,12912,FTL,22539072,POD RCVD - PALLETS,B,"DANISCO US, INC.","MATT HENNINGS TRUCKING, INC.",1050.0,800.0,250.0,0.2381,MIDWEST REFRIGERATED SERVICES,"BELOIT, WI",MRS - WORLEY WAREHOUSING,"CEDAR RAPIDS, IA",RYNE BANDOLIK,arciev1,2026-02-26 11:55:45 UTC,216,216,02/27/26,53511,52404
false,RELEASED,12913,FTL,15750669,POD RCVD - FAK,I,"MODE TRANSPORTATION, LLC",IVAN CARTAGE CO,3900.0,0.0,3900.0,1.0,RJW,"ROMEOVILLE, IL",SAMS CLUB #6299,"BUCKEYE, AZ",IVAN CARTAGE CO,,2026-02-26 17:28:16 UTC,1805,1805,02/26/26,60446-5379,85326
false,RELEASED,12914,FTL,RH6-JMFC,POD RCVD - FAK,I,FLOCK FREIGHT,IVAN CARTAGE CO,500.0,0.0,500.0,1.0,"JAMCO PRODUCTS, INC.","SOUTH BELOIT, IL",GLOBAL INDUSTRIAL DISTRIBUTION INC,"PLEASANT PRAIRIE, WI",,,2026-02-26 17:30:22 UTC,72,72,02/27/26,61080,53158
true,RELEASED,12915,STRA,FR-109083,POD RCVD - FAK,B,THE ROYAL GROUP,MAKE A WAY LOGISTICS,675.0,450.0,225.0,0.3333,TRG WAREHOUSE,"CICERO, IL",OLD WISCONSIN,"SHEBOYGAN, WI",RYNE BANDOLIK,arciev1,2026-02-26 13:44:00 UTC,150,158,02/26/26,60804,53081
false,RELEASED,12916,FTL,FR-109085,POD RCVD - SKIDS,B,THE ROYAL GROUP,"USA SILK WAY, INC",4200.0,3800.0,400.0,0.0952,PRINTING ARTS,"BROADVIEW, IL",CWI LOGISTICS-D2,"AUBURNDALE, FL",RYNE BANDOLIK,,2026-02-26 14:20:00 UTC,1142,1200,02/26/26,60155,33823
true,RELEASED,12917,CRGO,FR-109093,POD RCVD - FAK,B,THE ROYAL GROUP,ALROWDA TRUCKING LLC,800.0,600.0,200.0,0.25,TRG WAREHOUSE,"CICERO, IL",SOLUTIONS TOLLING,"ARBYRD, MO",RYNE BANDOLIK,arciev1,2026-02-26 21:16:59 UTC,479,479,02/26/26,60804,63821
false,RELEASED,12919,FTL,201695480,POD RCVD - PALL,I,BATORY FOODS,IVAN CARTAGE CO,658.41,0.0,658.41,1.0,BATORY'S OAKLEY CHICAGO,"CHICAGO, IL","PHELPS INDUSTRIES, LLC","JANESVILLE, WI",IVAN CARTAGE CO,,2026-02-27 12:03:25 UTC,113,113,02/24/26,60609,53546
false,RELEASED,12920,TL,201734977,POD RCVD - PALLET,I,BATORY FOODS,IVAN CARTAGE CO,493.8,0.0,493.8,1.0,BATORY'S OAKLEY CHICAGO,"CHICAGO, IL",EAGLE FOODS,"WAUKEGAN, IL",IVAN CARTAGE CO,arciev1,2026-02-27 12:10:27 UTC,56,56,02/24/26,60609,60087
false,RELEASED,12921,TL,201506887,POD RCVD - PALLETS,I,BATORY FOODS,IVAN CARTAGE CO,647.3,0.0,647.3,1.0,BATORY'S OAKLEY CHICAGO,"CHICAGO, IL",DENALI-RYERSON,"NEW BERLIN, WI",IVAN CARTAGE CO,arciev1,2026-02-27 12:13:48 UTC,101,101,02/25/26,60609,53151
false,RELEASED,12922,FTL,31481-04183,POD RCVD - FAK,I,MARINER,IVAN CARTAGE CO,300.0,0.0,300.0,1.0,COLBERT PACKAGING KENOSHA,"KENOSHA, WI",ABBVIE PURCHASING LLC,"NORTH CHICAGO, IL",,,2026-02-27 12:34:37 UTC,20,20,03/02/26,53144,60064
true,RELEASED,12924,TL,14188,PALLET,I,CARLYN DAIRY PRODUCTS,IVAN CARTAGE CO,721.87,0.0,721.87,1.0,CARLYN DAIRY PRODUCTS,"MUNDELEIN, IL",CEDAR CREST ICE CREAM,"MANITOWOC, WI",IVAN CARTAGE CO,arciev1,2026-02-27 18:47:20 UTC,137,137,02/25/26,60060,54220
false,RELEASED,12925,LTL,,POD RCVD - FAK,I,C.W.I. DISPLAYS CORP,IVAN CARTAGE CO,300.0,0.0,300.0,1.0,INNOVATIVE DRAGON (WAUKESHA),"WAUKESHA, WI",CWI,"BEDFORD PARK, IL",,,2026-02-27 18:52:27 UTC,,,02/27/26,53189,
false,RELEASED,12926,FTL,S113646529,POD RCVD - FAK,I,EMERGETECH INC,IVAN CARTAGE CO,450.0,0.0,450.0,1.0,Radius Packaging - (West Allis),"MILWAUKEE, WI",The Cary Company - GH,"GLENDALE HEIGHTS, IL",IVAN CARTAGE CO,,2026-02-27 20:37:13 UTC,103,103,02/23/26,53227,60139
false,RELEASED,12927,FTL,FR-109116,POD RCVD - SKIDS,B,THE ROYAL GROUP,SUNSET TRIPPING LOGISTICS LLC,650.0,600.0,50.0,0.0769,PRINTING ARTS,"BROADVIEW, IL",GENTEX,"HOLLAND, MI",RYNE BANDOLIK,,2026-02-27 16:51:00 UTC,159,164,02/27/26,60155,49424
false,RELEASED,12928,FTL,FR-109118,POD RCVD - FAK,B,THE ROYAL GROUP,BK DELIVERY EXPRESS INC,1500.0,1100.0,400.0,0.2667,THE ROYAL GROUP - CICERO 47TH,"CICERO, IL",GPI NEWTON,"NEWTON, IA",RYNE BANDOLIK,arciev1,2026-02-27 22:06:46 UTC,297,297,03/02/26,60804,50208
true,RELEASED,12929,LTL,FR-406570,POD RCVD - FAK,B,THE ROYAL GROUP,ECHO GLOBAL LOGISTICS,995.0,243.99,751.01,0.7548,THE ROYAL GROUP,"ADDISON, IL",GPI NEWTON,"NEWTON, IA",RYNE BANDOLIK,arciev1,2026-03-02 16:25:58 UTC,291,291,03/02/26,60101,50208
true,RELEASED,12930,FTL,FR-406590,POD RCVD - FAK,B,THE ROYAL GROUP,STARGATE TRANS INC,1350.0,850.0,500.0,0.3704,TRG ADDISON,"ADDISON, IL",DXL 3PL LLC BROWNSBURG,"BROWNSBURG, IN",RYNE BANDOLIK,,2026-03-02 08:07:00 UTC,188,192,03/02/26,60101,46112
true,RELEASED,12931,FTL,FR-109130,POD RCVD - FAK,B,THE ROYAL GROUP,PYH EXPRESS INC,825.0,625.0,200.0,0.2424,The royal group,"CICERO, IL",PROCON-LITTLE CHUTE,"LITTLE CHUTE, WI",RYNE BANDOLIK,arciev1,2026-03-02 18:56:42 UTC,207,207,03/03/26,60804,54140
false,RELEASED,12932,STRA,FR-109132,POD RCVD - SKIDS,B,THE ROYAL GROUP,RG & PD TRANSPORTATION INC,850.0,500.0,350.0,0.4118,PRINTING ARTS,"BROADVIEW, IL",SHORELINE PACKAGING,"ZEELAND, MI",RYNE BANDOLIK,,2026-03-02 14:01:00 UTC,162,167,03/02/26,60155,49464
false,RELEASED,12936,FTL,202290708,POD RCVD - PALL,I,BATORY FOODS,IVAN CARTAGE CO,658.41,0.0,658.41,1.0,BATORY'S OAKLEY CHICAGO,"CHICAGO, IL","PHELPS INDUSTRIES, LLC","JANESVILLE, WI",IVAN CARTAGE CO,,2026-03-03 16:01:16 UTC,113,113,02/26/26,60609,53546
false,RELEASED,12937,TL,202306812,POD RCVD - PALLET,I,BATORY FOODS,IVAN CARTAGE CO,651.06,0.0,651.06,1.0,BATORY'S OAKLEY CHICAGO,"CHICAGO, IL",DENALI-CALHOUN,"NEW BERLIN, WI",IVAN CARTAGE CO,arciev1,2026-03-03 16:05:27 UTC,101,101,02/26/26,60609,53151
false,RELEASED,12938,FTL,__4501830978,POD RCVD - FAK,I,CARLYN DAIRY PRODUCTS,IVAN CARTAGE CO,439.56,0.0,439.56,1.0,CARLYN DAIRY PRODUCTS,"MUNDELEIN, IL",PURATOS,"KENOSHA, WI",IVAN CARTAGE CO,arciev1,2026-03-03 16:08:35 UTC,32,32,02/27/26,60060,53144-1762
false,RELEASED,12940,FTL,4501829043,POD RCVD - FAK,I,CARLYN DAIRY PRODUCTS,IVAN CARTAGE CO,439.56,0.0,439.56,1.0,CARLYN DAIRY PRODUCTS,"MUNDELEIN, IL",PURATOS,"KENOSHA, WI",IVAN CARTAGE CO,arciev1,2026-03-03 16:23:36 UTC,32,32,03/02/26,60060,53144-1762
false,RELEASED,12941,FTL,,POD RCVD  - PALLET,I,CARLYN DAIRY PRODUCTS,IVAN CARTAGE CO,316.41,0.0,316.41,1.0,CARLYN DAIRY PRODUCTS,"MUNDELEIN, IL",FURLANI FOODS,"OAK CREEK, WI",IVAN CARTAGE CO,arciev1,2026-03-03 16:27:32 UTC,50,50,03/02/26,60060,53154
false,RELEASED,12942,FTL,31409-18054,POD RCVD - FAK,I,MARINER,IVAN CARTAGE CO,300.0,0.0,300.0,1.0,COLBERT PACKAGING KENOSHA,"KENOSHA, WI",ABBVIE PURCHASING LLC,"NORTH CHICAGO, IL",,,2026-03-03 16:36:54 UTC,20,20,03/03/26,53144,60064
false,RELEASED,12943,FTL,31483-68333,POD RCVD - FAK,I,MARINER,IVAN CARTAGE CO,300.0,0.0,300.0,1.0,COLBERT PACKAGING KENOSHA,"KENOSHA, WI",ABBVIE PURCHASING LLC,"NORTH CHICAGO, IL",,,2026-03-03 16:38:29 UTC,20,20,03/04/26,53144,60064
false,RELEASED,12951,FTL,35782427,POD RCVD - FAK,I,TOTAL QUALITY LOGISTICS,IVAN CARTAGE CO,400.0,0.0,400.0,1.0,PICK UP ,"KENOSHA, WI",,"RINGWOOD, IL",IVAN CARTAGE CO,,2026-03-04 12:16:37 UTC,36,36,03/02/26,53142,60072
false,RELEASED,12952,TL,202359194,POD RCVD - PALLET,I,BATORY FOODS,IVAN CARTAGE CO,651.06,0.0,651.06,1.0,BATORY'S OAKLEY CHICAGO,"CHICAGO, IL",DENALI-CALHOUN,"NEW BERLIN, WI",IVAN CARTAGE CO,arciev1,2026-03-04 12:25:50 UTC,101,101,03/02/26,60609,53151
false,RELEASED,12953,TL,201744425,POD RCVD - PALLET,I,BATORY FOODS,IVAN CARTAGE CO,494.6,0.0,494.6,1.0,BATORY'S OAKLEY CHICAGO,"CHICAGO, IL",EAGLE FOODS,"WAUKEGAN, IL",IVAN CARTAGE CO,arciev1,2026-03-04 12:29:15 UTC,56,56,02/27/26,60609,60087
false,RELEASED,12963,V,202743037,POD RCVD - SKIDS,I,BATORY FOODS,IVAN CARTAGE CO,661.33,0.0,661.33,1.0,BATORY ELK GROVE,"ELK GROVE VILLAGE, IL",DENALI-CALHOUN,"NEW BERLIN, WI",IVAN CARTAGE CO,,2026-03-05 14:16:46 UTC,87,87,03/03/26,60007,53151
